,name,r_avg,a_avg
0, 레슬리 만,7.55,119128.0
1, 조우정,6.8999999999999995,221.5
2, 사카구치 켄타로,8.28,15015.6
3, 롤프 라스가드,7.4350000000000005,81120.66666666667
4, 제네시스 로드리게스,7.252,771004.75
5, 토머스 F. 윌슨,8.325,195000.0
6, 설경구,8.282499999999999,737500.0
7, 박영규,6.9750000000000005,777535.125
8, 웬디 맥렌던 커비,8.59,13914.0
9, 헨리 폰다,7.970000000000001,NULL
10, 테라사키 유카,8.785999999999998,137600.0
11, 마일즈 텔러,8.74,40148.5
12, 블레이크 라이블리,7.488333333333333,111835.0
13, 크리스 파인,8.386666666666665,1140000.0
14, 최수인,8.675,846812.0
15, 크리스토퍼 로이드,5.663333333333333,65055.0
16, 로사 살라자르,7.55,1417666.6666666667
17, 최정현,NULL,NULL
18, 존 말루프,NULL,NULL
19, 오태경,7.0,1038930.5
20, 김영순,NULL,NULL
21, 캐서린 프레스콧,7.26,36000.0
22, 나카오 마사키,8.76,66000.0
23, 임지호,NULL,NULL
24, 김영미,NULL,NULL
25, 김혜성,7.4085714285714275,796530.2857142857
26, 찰리 허냄,8.004,114729.8
27, 이정현,7.6875,307784.0
28, 장뢰,NULL,NULL
29, 펑위옌,7.34,166861.33333333334
30, 케빈 코스트너,8.233333333333334,470489.3333333333
31, 박성영,NULL,NULL
32, 데이빗 스트라탄,6.8180000000000005,109869.75
33, 루이즈 보르고앙,7.333333333333333,2660.6666666666665
34, 캐리스 밴 허슨,6.947500000000001,6341.25
35, 류혜영,7.662857142857144,636935.2857142857
36, 사쿠라이 타카히로,NULL,NULL
37, 산드라 블록,8.11,1317497.6666666667
38, 에이사 버터필드,7.9366666666666665,12181.833333333334
39, 이아인 글렌,8.2,13000.0
40, 패트릭 스튜어트,8.574,456490.8
41, 이드리스 엘바,7.8566666666666665,2676214.3333333335
42, 크리스토프 왈츠,7.712000000000001,601239.2
43, 어니스트 움하우어,8.33,18000.0
44, 모레나 바카린,8.291666666666666,1632198.5
45, 게리 올드만,7.588333333333334,70067.83333333333
46, 크리스핀 글로버,6.101999999999999,429202.8
47, 이기홍,7.836666666666667,1235333.3333333333
48, 폴 워커,7.728333333333333,1022625.8
49, 곽두조,NULL,NULL
50, 올가 쿠릴렌코,7.84,20976.0
51, 추상미,7.116666666666667,146897.83333333334
52, 엔리크 포셀라나,7.43,99000.0
53, 문석범,6.542,29184.2
54, 오마르 차파로,7.836666666666666,349000.0
55, 자끄 페렝,7.9959999999999996,129862.2
56, 메간 폭스,7.081999999999999,287471.75
57, 문근영,8.07,1904600.0
58, 옥한흠,NULL,NULL
59, 박경혜,8.305,1069174.25
60, 우디 해럴슨,7.175714285714285,1041694.4285714285
61, 알렉스 뉴이스테터,8.27,18000.0
62, 사사키 미유,9.25,170000.0
63, 마이클 케슬러,6.6933333333333325,31227.333333333332
64, 페드로 파스칼,8.023333333333333,1993333.3333333333
65, 제이슨 모모아,7.853999999999999,1654131.0
66, 송중기,8.138333333333334,3270333.3333333335
67, 콘노 아유리,NULL,NULL
68, 이성경,8.083333333333334,1020000.0
69, 스눕 독,5.93,215000.0
70, 모리타카 아이,7.775,60666.666666666664
71, 존 헤저,8.805,54500.0
72, 제니퍼 코넬리,NULL,NULL
73, 마일즈 헤이저,8.325,35725.666666666664
74, 미셸 빌레모,NULL,NULL
75, 스와 나나카,NULL,NULL
76, 조지 맥케이,8.357142857142858,152635.33333333334
77, 윌리암 피츠너,6.239999999999999,1278.0
78, 캐서린 제타 존스,7.153999999999999,630200.0
79, 배두나,7.638,1879200.0
80, 마이린 로비치,7.85,920000.0
81, 매기 큐,6.278333333333333,78331.6
82, 브리타니 스노우,6.946666666666666,38930.0
83, 나자닌 보니아디,8.6925,1511000.0
84, 마이키 볼트,NULL,NULL
85, 애슐리 소머즈,NULL,NULL
86, 파일,NULL,NULL
87, 제프 다니엘스,7.946666666666668,1049800.0
88, 애드리애너 그라지엘,NULL,NULL
89, 쿠로키 하루,7.085,37185.75
90, 케빈 하트,8.745,978750.0
91, 문보람,NULL,NULL
92, 잭 킬버그,8.280000000000001,2320.0
93, 미야케 켄타,NULL,NULL
94, 쿠리시마 스미코,NULL,NULL
95, 박영재,NULL,NULL
96, 권율,7.684285714285714,654778.7142857143
97, 레이디 가가,NULL,NULL
98, 손현주,6.724000000000001,530000.0
99, 크리스 쿠퍼,8.56,1391750.0
100, 장혜문,8.88,55000.0
101, 제이미 도넌,7.646000000000001,89608.6
102, 케이티 믹슨,7.645999999999999,575524.0
103, 김서형,7.381666666666667,1511721.1666666667
104, 브릿 로버트슨,8.45,127333.33333333333
105, 로렌 딜런,NULL,NULL
106, 스가 켄타,9.126666666666667,10568.0
107, 앤드류 센세닉,7.720000000000001,45140.0
108, 매튜 구드,8.219999999999999,27500.0
109, 이수혁,7.5225,490859.0
110, 빅키 크리엡스,8.0775,44511.0
111, 서태화,7.665000000000001,259674.75
112, 안서현,7.571428571428571,1107714.2857142857
113, 서니 설직,8.085,76750.0
114, 마크 게티스,8.538333333333332,122241.83333333333
115, 신순애,NULL,NULL
116, 윤여정,8.538333333333332,886909.6666666666
117, 임윤선,8.645999999999999,302000.0
118, 사라 폴슨,8.559999999999999,446200.0
119, 벤자민 워커,8.180000000000001,276460.0
120, 테일러 키취,8.084285714285715,415714.28571428574
121, 손예진,8.1375,3625000.0
122, 김혜준,8.396,922675.8
123, 진선규,8.013333333333334,993333.3333333334
124, 루퍼트 프렌드,8.091999999999999,54639.5
125, 리즈 아메드,8.299999999999999,2500000.0
126, 데이지 리들리,7.920000000000001,873714.2857142857
127, 왕석현,7.715999999999999,2054200.0
128, 대니 글로버,8.03,400333.3333333333
129, 마이 브리트 앤더슨,NULL,NULL
130, 에밀 허쉬,7.646666666666666,94263.0
131, 아사노 타다노부,8.286666666666667,330663.0
132, 레오나르도 디카프리오,8.075,187175.66666666666
133, 테라지마 스스무,8.71,37000.0
134, 카렌 길런,8.535,4462166.666666667
135, 홍정수,NULL,NULL
136, 지니퍼 굿윈,8.122,1440000.0
137, 콘스탄틴 카벤스키,7.755,20000.0
138, 다니엘 헤니,7.840000000000001,1648171.4285714286
139, 사카모토 마아야,NULL,NULL
140, 카롤리네 슈허,7.766666666666667,48529.5
141, 존 하슬러,8.006666666666666,15333.333333333334
142, 리처드 아미티지,8.015,1040610.75
143, 말린 애커맨,7.656666666666666,507411.3333333333
144, 줄리아 스타일스,6.878333333333334,699040.5
145, 이안 맥쉐인,8.076,407000.0
146, 조쉬 스튜어트,4.83,275155.5
147, 심규혁,NULL,NULL
148, 캐리 멀리건,8.474,317739.2
149, 알렉스 페티퍼,7.795,47509.0
150, 온영삼,NULL,NULL
151, 쿠리타 칸이치,8.43,115500.0
152, 유오성,7.025,1397692.125
153, 송새벽,7.2542857142857144,196285.7142857143
154, 유창복,NULL,NULL
155, 로브 로우,7.75,15000.0
156, 임영석,NULL,NULL
157, 이시언,7.650000000000001,917166.6666666666
158, 정혜원,NULL,NULL
159, 진이한,5.4350000000000005,174430.5
160, 빌 멜렌데즈,NULL,NULL
161, 정재헌,NULL,NULL
162, 이스라엘 브로우사드,8.01,535195.0
163, 샤키라,NULL,NULL
164, 귈림 리,9.45,9940000.0
165, 이상엽,7.484,853400.0
166, 이시마루 켄지로,7.663333333333334,20679.333333333332
167, 김효진,7.0925,1376490.4285714286
168, 존 터투로,7.613333333333333,874334.0
169, 알레산드라 마스트로나르디,8.145,100000.0
170, 정준영,7.743333333333332,19183.333333333332
171, 윌 폴터,NULL,NULL
172, 이유영,NULL,NULL
173, 신정근,7.691428571428572,1437973.7142857143
174, 마동석,7.8759999999999994,4044000.0
175, 에밀리 블런트,8.264285714285714,295022.14285714284
176, 제이크 질렌할,8.015,2011900.75
177, 구민선,7.836666666666667,1681269.0
178, 캐롤라인 도,NULL,NULL
179, 아르노 비야르,7.845000000000001,57036.0
180, 엄정화,7.8237499999999995,1196125.0
181, 유해무,NULL,NULL
182, 오순옥,NULL,NULL
183, 제레미 레이 테일러,8.05,629000.0
184, 김민석,7.670000000000001,703333.3333333334
185, 후치가미 마이,NULL,NULL
186, 정웅인,7.86,3180142.8571428573
187, 얀 라벡,NULL,NULL
188, 최윤정,NULL,NULL
189, 나라하시 미키,NULL,NULL
190, 오카모토 노부히코,NULL,NULL
191, 자비에르 사무엘,7.53,7071.0
192, 알마 포이스티,8.05,12414.5
193, 스콧 앳킨스,NULL,NULL
194, 김성철,8.31,1221250.0
195, 나탈리 포트만,8.593333333333334,4663968.333333333
196, 질 를르슈,8.78,9920.0
197, 고수,8.186,2134000.0
198, 정은지,7.423333333333333,160000.0
199, 우르갼 릭젠,NULL,NULL
200, 매들린 해리스,8.945,320000.0
201, 캘런 맥오리피,6.8625,450297.25
202, 시우민,NULL,NULL
203, 크리스티나 아길레라,NULL,NULL
204, 신용우,NULL,NULL
205, 손윤상,NULL,NULL
206, 최막이,NULL,NULL
207, 맥스 레나우딘,8.93,21000.0
208, 마이클 치클리스,5.036666666666666,6828.0
209, 마이클 브랜든,6.99,134875.0
210, 김슬기,8.17125,2740000.0
211, 비고 모텐슨,8.350000000000001,92725.4
212, 이서연,7.335,NULL
213, 이민호,8.423333333333334,2383333.3333333335
214, 루이 가렐,7.8725000000000005,289047.6666666667
215, 배소은,NULL,NULL
216, 이안 제임스 코렛,7.92,47000.0
217, 제프 골드브럼,8.305,2173500.0
218, 줄리안 무어,7.773333333333333,26653.333333333332
219, 굴초소,7.84,9147.0
220, 나카오 류세이,7.983333333333334,24666.666666666668
221, 쉬잔느 클레먼트,NULL,NULL
222, 린다 해밀턴,8.375,3450000.0
223, 성 강,7.933333333333334,1843787.3333333333
224, 헨리,NULL,NULL
225, 나딘 벨라즈퀘즈,NULL,NULL
226, 스탠 워커,6.95,27000.0
227, 레나 헤디,7.676666666666667,16201.0
228, 에디 레드메인,8.424285714285714,1061187.2857142857
229, 박자희,NULL,NULL
230, 은영선,NULL,NULL
231, 나탈리 도머,7.593999999999999,344821.6
232, 김영애,8.381250000000001,1954875.0
233,이경영,7.840000000000001,3434857.1428571427
234, 김고은,7.733333333333334,931666.6666666666
235, 윤승희,10.0,NULL
236, 쿠로다 타카야,NULL,NULL
237, 자넬 모네,NULL,NULL
238, 애드리언 브로디,7.380000000000001,37539.0
239, 엘피 도넬리,NULL,NULL
240, 류이호,7.515000000000001,68500.0
241, 테사 톰슨,8.423333333333334,4945000.0
242, 샤이아 라보프,8.372,280506.4
243, 애슐리 벨,NULL,22000.0
244, 코디 스밋 맥피,7.224000000000001,761556.8
245, 셀마 헤이엑,6.874,850418.5
246, 스티브 쿠건,6.921666666666667,6400.5
247, 아딜 후세인,NULL,NULL
248, 윌로우 쉴즈,7.680000000000001,842500.0
249, 이인석,NULL,NULL
250, 스티븐 토보로스키,NULL,NULL
251, 황우슬혜,6.6775,669216.5
252, 캐서린 워터스턴,7.669999999999999,880000.0
253, 이요섭,8.263333333333334,687839.3333333334
254, 장첸,8.643333333333333,483397.0
255, 나나,7.555,2300000.0
256, 주진모,NULL,NULL
257, 조디 포스터,7.830000000000001,277400.0
258, 마리안느 스퇴거,NULL,NULL
259, 키키 키린,8.651428571428571,69401.71428571429
260, 라다 미첼,6.800000000000001,78000.0
261, 안젤라 리치오티,NULL,NULL
262, 하마츠 타카유키,7.705,10769.5
263, 리처드 용재 오닐,NULL,NULL
264, 로저 알람,8.273333333333333,11839.333333333334
265, 해리슨 포드,NULL,NULL
266, 김태우,7.541428571428573,650115.0
267, 채드윅 보스만,NULL,NULL
268, 우에다 카나,NULL,NULL
269, 사라 폴리,7.858333333333332,54050.8
270, 히어로 파인즈 티핀,6.95,613802.2
271, 제니퍼 틸리,5.484999999999999,2986.0
272, 폴 제슨,NULL,NULL
273, 드류 베리모어,8.443333333333333,22749.0
274, 앵거리 라이스,7.9799999999999995,2566666.6666666665
275, 사라 라이트,7.305,200100.0
276, 고창석,7.933333333333334,1395000.0
277, 쿠니시마 나오키,8.76,33128.5
278, 오오타니 이쿠에,NULL,NULL
279, 벤 벡커,8.954999999999998,14000.0
280, 다니엘 브륄,6.665,9000.0
281, 까뜨린느 드뇌브,7.945,14893.0
282, 이지훈,7.9625,1173134.75
283, 베르나데트 라퐁,8.388,35305.0
284, 캐리 월그렌,8.488,395800.0
285, 조이 도이치,8.06,49250.0
286, 미무라 유우나,NULL,NULL
287, 히노 사토시,NULL,NULL
288, 하야시야 쇼조,8.625,70631.5
289, 성지루,7.767142857142858,771249.7142857143
290, 김우남,NULL,NULL
291, 방성준,8.73,NULL
292, 앤디 바클레이,NULL,NULL
293, 오쿠다 타츠히토,NULL,NULL
294, 리정샹,NULL,NULL
295, 나카야마 미호,7.135714285714285,14750.0
296, 신한호,6.373333333333332,16333.333333333334
297, 데이빗 모스,NULL,NULL
298, 김주호,NULL,NULL
299, 박성태,NULL,NULL
300, 허성재,7.54,1530000.0
301, 벤 포스터,NULL,NULL
302, 테레사 팔머,8.196,260478.2
303, 강타,6.002,34500.0
304, 백진희,6.946250000000001,110625.0
305, 조니 뎁,7.136666666666667,807348.3333333334
306, 바네사 윌리암스,5.825,150934.5
307, 엘리스 폴,NULL,NULL
308, 박효신,NULL,NULL
309, 벤 하디,8.9725,3232500.0
310, 우치다 마아야,NULL,NULL
311, 데미안 비쉬어,7.381428571428571,352669.28571428574
312, 윤복성,6.902500000000001,736852.6
313, 모리타 마사카즈,NULL,NULL
314, 최석필,6.15,1750000.0
315, 후카츠 에리,8.253333333333332,38388.0
316, 변우석,NULL,NULL
317, 에드 옥슨볼드,7.456666666666666,22859.666666666668
318, 아베 히로시,6.960000000000001,451.5
319, 데이비드 카에,8.275,365666.6666666667
320, 레슬리 오덤 주니어,7.324999999999999,440000.0
321, 페네로피 밀포드,NULL,NULL
322, 리아나,NULL,NULL
323, 미즈타 와사비,NULL,NULL
324, 커트 러셀,8.76,1147199.3333333333
325, 김인우,8.35,3062543.5
326, 이다 엥볼,9.06,93000.0
327, 문성근,8.661666666666667,2026653.5
328, 칸다 사야카,8.85,110000.0
329, 유청운,NULL,NULL
330, 톰 커트니,7.395,39000.0
331, 마이클 J. 폭스,8.04,NULL
332, 레너드 니모이,8.3575,2732500.0
333, 이새아,NULL,NULL
334, 최민호,NULL,NULL
335, 권창욱,8.517142857142856,89674.42857142857
336, 제이슨 스타뎀,8.218750000000002,1769138.625
337, 자흐 갈리피아나키스,8.24,91250.0
338, 프란치스코,NULL,NULL
339, 바바라 레니,8.29,42700.333333333336
340, 오다기리 죠,6.875,4677.5
341, 엘리자베스 모스,8.164,428200.0
342, 매즈 미켈슨,8.205000000000002,1108188.5
343, 웨스 스투디,7.59,119000.0
344, 케이티 응우옌,NULL,387.0
345, 피오 마르마이,NULL,NULL
346, 엘리자베스 뱅크스,7.596000000000001,52484.0
347, 통따웨이,7.84,123.0
348, 이사벨라 로셀리니,8.065,802543.5
349, 제임스 플린,8.45,705000.0
350, 헤르난 브라보,7.43,99000.0
351, 링고 스타,NULL,NULL
352, 장철영,NULL,NULL
353, 톰 행크스,8.96,1457637.25
354, 카야 스코델라리오,8.075999999999999,1642122.2
355, 존 굿맨,7.6814285714285715,719246.1428571428
356, 레이첼 니콜스,4.1,5171.666666666667
357, 이주승,7.5625,72398.75
358, 네이슨 레인,NULL,NULL
359, 류준열,8.507142857142856,4192857.1428571427
360, 제롬 플린,8.915,720000.0
361, 노지마 켄지,NULL,NULL
362, 오자와 유키요시,7.59,51000.0
363, 타나카 카즈나리,NULL,NULL
364, 임경신,6.718000000000001,168352.66666666666
365, 조슈 브롤린,8.79125,3836951.375
366, 빌리 디 윌리엄스,8.08,320000.0
367, 이상희,8.684000000000001,7099.2
368, 샤메익 무어,9.37,360067.5
369, 기욤 까네,8.502,22942.5
370, 유재상,8.000000000000002,2652857.1428571427
371, 파이퍼 브라운,NULL,NULL
372, 조우진,8.405,1631666.6666666667
373, 프랑수아 다미앙,NULL,NULL
374, 장세아,NULL,NULL
375, 애런 존슨,8.1875,3309000.0
376, 로버트 시한,7.826666666666665,322554.0
377, 문정희,8.37142857142857,1444571.4285714286
378, 마치아스 슈와바이어퍼,7.7650000000000015,38000.0
379, 오인실,NULL,NULL
380, 올리비아 다보,5.6000000000000005,19405.5
381, 성유빈,8.661666666666667,3498500.0
382, 김도훈,NULL,NULL
383, 스칼렛 요한슨,NULL,NULL
384, 메리 엘리자베스 윈스티드,8.083333333333334,376666.6666666667
385, 디몬 하운수,8.562,2474000.0
386, 라이언 레이놀즈,8.221666666666666,270279.0
387, 정우성,7.721666666666667,1006166.6666666666
388, 김서영,7.72,870000.0
389, 타카야마 미나미,NULL,NULL
390, 마야 루돌프,8.5525,162250.0
391, 성준,7.07,363333.3333333333
392, 타카츠키 카나코,NULL,NULL
393, 이와세 료,8.7925,25062.6
394, 쿠로사와 토모요,NULL,NULL
395, 아르튀르 뒤퐁,7.665,14071.333333333334
396, 랄프 파인즈,7.946666666666666,944333.3333333334
397, 멜라니 그리피스,7.605,577246.0
398, 메허샬레하쉬바즈 엘리,NULL,NULL
399, 닉 크롤,8.15,387750.0
400, 폴 다노,8.255714285714285,165142.85714285713
401, 조민수,7.92375,2037666.6666666667
402, 에드 오닐,NULL,NULL
403, 도미닉 쿠퍼,8.156000000000002,955264.0
404, 박희본,7.9071428571428575,322697.14285714284
405, 요르다노스 시프로우,9.54,140000.0
406, 지진희,6.052857142857143,524435.8571428572
407, 마르쿠스 리가르드,NULL,NULL
408, 카미키 류노스케,8.426666666666666,1444000.0
409, 사이토 소우마,NULL,NULL
410, 김유림,NULL,NULL
411, 임성철,NULL,NULL
412, 오연서,7.623333333333332,379006.3333333333
413, 바이바이허,8.64,2600.0
414, 정가람,7.995000000000001,1065500.0
415, 이원근,7.327142857142857,426555.71428571426
416, 이하늬,8.395000000000001,3896666.6666666665
417, 로드리고 산토로,7.451666666666667,289752.2
418, 로즈마리 드윗,7.52,1880500.0
419, 히라 미키지로,7.83,21000.0
420, 손선영,8.21,6060000.0
421, 정진영,7.267142857142858,419738.14285714284
422, 다니엘 크레이그,8.005714285714287,1113833.3333333333
423, 엠마 왓슨,7.275000000000001,1354023.5
424, 크리스토퍼 플러머,8.501666666666665,192781.8
425, 소상경,7.59,58000.0
426, 정하담,9.2975,372685.25
427, 송재림,7.243333333333332,1283995.3333333333
428, 양자산,7.013333333333333,12076.5
429, 놀런 제라드 펑크,6.314000000000001,74420.33333333333
430, 옥타비아 스펜서,9.052499999999998,650000.0
431, 저스티스 스미스,NULL,NULL
432, 김주혁,8.02125,2116000.0
433, 콜린 베이커,NULL,NULL
434, 온드레이 트로얀,7.41,26000.0
435, 게자 뢰리히,8.68,24000.0
436, 조쉬 그린,8.6,NULL
437, 시타야 노리코,NULL,NULL
438, 이명호,NULL,NULL
439, 키노 하나,6.85,60147.5
440, 크리스 에반스,NULL,NULL
441, 클레멘스 포시,8.175,675259.6666666666
442, 데이비드 매주즈,6.94,18000.0
443, 아미르 칸,9.2975,45750.0
444, 앵거스 맥페이든,6.7625,923500.0
445, 판빙빙,6.38,6383.0
446, 휴 잭맨,8.363333333333335,1179833.3333333333
447, 커먼,8.103333333333333,18273.333333333332
448, 마이클 안젤리스,7.555,14500.0
449, 김원해,7.643750000000001,1550121.0
450, 잭 에프론,8.77,890000.0
451, 송승헌,7.3566666666666665,725805.0
452, 루카 아르겐테로,NULL,NULL
453, 에드가 라미레즈,6.9350000000000005,127105.0
454, 크리스 터커,8.458,450000.0
455, 제이든 마텔,NULL,NULL
456, 발렌틴 가프트,6.694999999999999,15930.666666666666
457, 알리시아 비칸데르,8.055,149413.75
458, 케리 러셀,8.116666666666667,1503666.6666666667
459, 정영웅,NULL,NULL
460, 김우빈,7.764,3410000.0
461, 조 카잔,7.975,16708.0
462, 서지석,5.8925,9711.0
463, 아론 미르테스,NULL,NULL
464, 해나 카설카,4.73,12284.5
465, 김혜수,8.054285714285715,4271428.571428572
466, 파블로 쉬레이버,7.746666666666667,562666.6666666666
467, 류예,NULL,NULL
468, 홍종현,7.78,87376.0
469, 나가야 카즈아키,7.705,10769.5
470, 베로니카 페레스,7.686666666666667,52683.0
471, 조지 셰프소브,7.9,8078.0
472, 리암 게리건,6.505000000000001,1415000.0
473, 톰 글린 카니,8.5,1410000.0
474, 제니퍼 로렌스,7.808333333333334,768000.0
475, 윌리엄 루앤,NULL,NULL
476, 스탠리 투치,6.984999999999999,16306.6
477, 김수로,7.428750000000001,2658285.714285714
478, 시얼샤 로넌,8.465,154602.7142857143
479, 줄리아 로버츠,8.303333333333333,140833.33333333334
480, 김유정,7.31,638233.4285714285
481, 데니스 퀘이드,9.026666666666666,196333.33333333334
482, 마이클 제겐,7.610000000000001,32655.2
483, 필리스 스미스,7.8566666666666665,1845181.6666666667
484, 토다 에리카,6.293333333333334,10712.666666666666
485, 엔조 라티토,NULL,NULL
486, 가이아 와이즈,6.3225,104558.33333333333
487, 사무엘 L. 잭슨,7.666666666666667,90712.0
488, 셀마 블레어,6.182,24602.25
489, 이종혁,NULL,NULL
490, 야쿠쇼 코지,7.4475,36777.25
491, 조금맥,7.84,18000.0
492, 소피 터너,8.036666666666667,1271666.6666666667
493, 제시카 오툴,NULL,NULL
494, 아미 해머,8.3125,42016.666666666664
495, 이명희,7.9,NULL
496, F. 머레이 아브라함,7.668000000000001,492699.2
497, 장은숙,7.571250000000001,34532.875
498, 나가사와 마사미,7.175000000000001,6468.5
499, 조복래,7.768000000000001,1038174.6
500, 김정태,7.703333333333333,433241.5
501, 견자단,7.74,151500.0
502, 신온유,NULL,NULL
503, 루카스 제이드 주만,NULL,NULL
504, 천우희,7.983333333333333,185166.66666666666
505, 전진아,NULL,NULL
506, 조 맨가니엘로,6.24,603049.3333333334
507, 마츠모토 가쿠,8.635,65500.0
508, 멜리사 맥카시,8.19,729250.0
509, 위훈,NULL,NULL
510, 레벨 윌슨,7.7299999999999995,430000.0
511, 맥켄지 데이비스,8.41,696250.0
512, 아니카 베데르코프,8.99,37000.0
513, 사라 베이커,NULL,NULL
514, 줄리엣 곰버트,NULL,NULL
515, 고경표,7.671428571428572,3533333.3333333335
516, 맥스 찰스,8.2675,2432500.0
517, 박준금,7.8180000000000005,593505.0
518, 장영남,8.056666666666667,1059167.7142857143
519, 케이제이 슈록,NULL,NULL
520, 쿠츠나 시오리,8.467500000000001,949211.25
521, 리브 슈라이버,7.923333333333333,281666.6666666667
522, 공효진,8.152857142857142,1486012.2857142857
523, 이노우에 카즈히코,NULL,NULL
524, 박혁권,7.565,534557.0
525, 미야무라 유코,NULL,NULL
526, 김지율,6.74,1155000.0
527, 아네스 자우이,7.556666666666666,9909.0
528, 정승욱,NULL,NULL
529, 스티븐 볼드윈,8.49,280000.0
530, 토미 리 존스,8.16,627478.5
531, 제시카 로테,8.2125,459679.0
532, 레지 와츠,NULL,NULL
533, 최희서,7.881666666666668,1178939.3333333333
534, 이상윤,7.942499999999999,1074250.0
535, 하람두,6.165,32000.0
536, 시노하라 료코,8.643333333333333,33761.0
537, 이민형,NULL,NULL
538, 리사 쿠드로,8.19,580500.0
539, 토마츠 하루카,NULL,NULL
540, 레아 미셀,7.98,290000.0
541, 이안 맥켈런,8.262,1210503.6
542, 히라마키 진,8.45,82500.0
543, 알베트 블리크펠트,NULL,NULL
544, 천정명,6.72,220207.75
545, 브루스 던,8.54,143063.0
546, 김해숙,8.536000000000001,2930035.8333333335
547, 레오노어 바레라,6.166666666666667,10792.666666666666
548, 발리에리 르메르시,7.4075,10427.0
549, 팔두트 샤르마,9.34,1648189.0
550, 키드 커디,7.145,33600.25
551, 소정환,NULL,NULL
552, 존 파브로,8.901666666666666,7570000.0
553, 팀 로스,5.79,5185.0
554, 안탁령,6.195,28000.0
555, 유장영,7.49,170000.0
556, 정국,NULL,NULL
557, 크리스티나 애플게이트,8.43,290000.0
558, 변영희,NULL,NULL
559, 제프 브리지스,8.164285714285715,838285.7142857143
560, 이총각,NULL,NULL
561, 존 햄,7.47,4155.0
562, 이시영,NULL,NULL
563, 코바야시 사나에,NULL,NULL
564, SM ROOKIES,NULL,NULL
565, 줄레이카 로빈슨,7.855,80000.0
566, 장유,8.505,76011.66666666667
567, 빌리 블레처,9.14,4960.0
568, 딘 노리스,7.0475,24971.666666666668
569, 이연희,7.452857142857143,1357142.857142857
570, 크리스토퍼 멜로니,7.1850000000000005,10683.5
571, 아케사카 사토미,NULL,NULL
572, 코미야 아리사,6.99,13356.0
573, 전도연,7.54,2053333.3333333333
574, 김재철,8.352,4043800.0
575, 알렉 볼드윈,8.44,308309.6666666667
576, 방지원,NULL,NULL
577, 최오식,NULL,NULL
578, 안드레이 메르즈리킨,6.695,23334.0
579, 윤덕용,NULL,NULL
580, 사챠 바론 코헨,8.232000000000001,2148437.0
581, 파울라 베사라,7.38,61000.0
582, 캐리 엘위스,5.89,9419.5
583, 김리흔,NULL,NULL
584, 게드 엘마레,8.28,109210.25
585, C.G. 웬젤,NULL,NULL
586, 장성호,NULL,NULL
587, 오인성,NULL,NULL
588, 토니 레볼로리,8.2675,3861750.0
589, 김신우,NULL,NULL
590, 엘리슨 레이 로젠펠드,6.69,29000.0
591, 키건 마이클 키,8.228,2083750.0
592, 스다 마사키,8.672500000000001,12333.6
593, 오데야 러쉬,7.922,105091.75
594, 임자걸,NULL,NULL
595, 마틴 프리먼,8.4475,3516721.5
596, 김인권,NULL,NULL
597, 천호진,7.1499999999999995,2536333.3333333335
598, 스콧 이스트우드,8.01142857142857,990810.7142857143
599, 김가령,NULL,NULL
600, 심은하,7.07,NULL
601, 존 코베트,8.25,171250.0
602, 필립 버그,9.06,93000.0
603, 에두와르도 슐츠,NULL,NULL
604, 존 번탈,8.228333333333333,239607.5
605, 수라즈 샤르마,7.786666666666666,683707.0
606, 신정훈,NULL,NULL
607, 기무라 요시노,8.163333333333332,19705.333333333332
608, 대니 분,8.255,10583.75
609, 안피사 체크호바,8.34,46000.0
610, 올리비아 문,7.772499999999999,814454.25
611, 설리반 스탭플턴,8.013333333333334,534426.3333333334
612, AJ 보웬,7.6,13000.0
613, 김정아,8.8,940000.0
614, 글렌 핸사드,8.155000000000001,141500.0
615, 이토 카나에,NULL,NULL
616, 베일리 매디슨,8.156666666666666,31999.0
617, 이안 그루퍼드,7.790000000000001,355684.0
618, 시바사키 코우,8.35,134875.0
619, 오오사카 료타,NULL,NULL
620, 정인선,7.246,156390.6
621, 올리비아 콜맨,8.753333333333334,119333.33333333333
622, 사라 제시카 파커,7.4375,27987.25
623, 도미닉 웨스트,8.375714285714285,470714.28571428574
624, 앤 해서웨이,7.7025,493750.0
625, 류의도,8.65,62000.0
626, 하야미 사오리,NULL,NULL
627, 허위주,5.734999999999999,31880.5
628, 다윈 쇼,7.503333333333333,1145000.0
629, 강금연,NULL,NULL
630, J.K. 시몬스,8.475,2716013.0
631, 폴라 맬콤슨,7.456666666666666,493327.0
632, 성룡,5.482857142857142,8942.0
633, 조덕희,NULL,NULL
634, 쿠기미야 리에,NULL,NULL
635, 김소영,NULL,NULL
636, 조재윤,NULL,NULL
637, 박소라,NULL,NULL
638, 아오야기 후미코,8.67,31000.0
639, 강지환,6.816666666666667,1126192.6666666667
640, 아담 샌들러,8.69,1070000.0
641, 김범,6.688333333333333,874333.3333333334
642, 야마구치 유리코,NULL,NULL
643, 에무라 유우토,NULL,NULL
644, 토우야마 나오,NULL,NULL
645, 프랑수아 시빌,8.898,36317.0
646, 스기모토 유,8.346666666666668,82614.0
647, 홍석,NULL,NULL
648, 하동훈,NULL,NULL
649, 마티유 아말릭,8.44,40333.333333333336
650, 아네트 베닝,8.663333333333334,1938076.6666666667
651, 요시자와 타이요,8.65,94000.0
652, 파브리지오 롱기온,8.485,15205.5
653, 이창훈,5.516666666666667,51000.0
654, 찰톤 헤스톤,NULL,NULL
655, 안톤 팜부쉬니,5.85,2563.0
656, 강희선,NULL,NULL
657, 차예련,6.382857142857143,506239.0
658, 김아중,7.96857142857143,2927142.8571428573
659, 알레산드로 로마니,NULL,NULL
660, 유인나,7.780000000000001,494500.0
661, 빌리 크리스탈,8.78,870000.0
662, 안젤리나 졸리,7.845,1455151.0
663, 데이비드 코터,NULL,NULL
664, 이르판 칸,NULL,NULL
665, 양윤희,7.426666666666667,32054.666666666668
666, 닛타 에미,NULL,NULL
667, 키어시 클레몬스,7.9,1780000.0
668, 웨스 벤틀리,8.7525,1680211.0
669, 아베 사다오,7.716666666666666,81610.66666666667
670, 앤드레 고든,6.640000000000001,684000.0
671, 김새벽,8.342,218024.66666666666
672, 류경수,8.016666666666667,1242610.4
673, 문채원,8.225,2550000.0
674, 마티아스 쇼에나에츠,8.583333333333334,71500.0
675, 로즈 번,7.955,204500.0
676, 황광희,NULL,NULL
677, 제이미 리 커티스,7.3,304873.6666666667
678, 강이헌,8.48,8695.0
679, 에반 피터스,7.182,768105.4
680, 카일 갈너,7.92,7531.0
681, 알리 라터,7.314,629250.0
682, 킴 딕켄스,NULL,NULL
683, 안야 테일러 조이,NULL,NULL
684, 알렉산드르 골로빈,7.97,46000.0
685, 마이클 더글라스,NULL,NULL
686, 이정재,8.048333333333334,5589166.666666667
687, 이노우에 마오,8.196666666666667,72013.66666666667
688, 노만 리더스,6.47,23699.5
689, 정혜영,8.12,3890000.0
690, 팀 알렌,9.31,2430000.0
691, 스자키 아야,NULL,NULL
692, 페넬로페 크루즈,8.260000000000002,187810.0
693, 이고은,NULL,NULL
694, 곽도원,7.474285714285714,2211598.285714286
695, 리암 니슨,7.203333333333333,182666.66666666666
696, 크리스찬 베일,8.64,492250.0
697, 권해효,7.484285714285714,594660.4285714285
698, 오다 에리카,7.416666666666667,1711.5
699, 제이슨 영,NULL,NULL
700, 케이트 블란쳇,8.674,309655.0
701, 로렐라이 링크레이터,8.9,190000.0
702, 나팟 시앙솜분,8.47,16000.0
703, 홀리 헌터,7.840000000000002,761414.5714285715
704, 루크 윌슨,7.225,66738.5
705, 포레스트 휘태커,7.63,1352609.25
706, 조현정,7.54375,64971.375
707, 임대혁,8.76,3012.0
708, 오정세,8.123333333333333,3663600.0
709, 이종준,7.97,3905000.0
710, 마츠모토 리카,NULL,NULL
711, 이희준,8.074,1450444.8
712, 이미연,7.0,1427500.0
713, 김소혜,7.715,801500.0
714, 송채환,7.529999999999999,6077.0
715, 임경명,NULL,NULL
716, 카라 엘레할데,7.5600000000000005,15385.0
717, 조나단 잭슨,8.65,25000.0
718, 유부원,NULL,NULL
719, 릴리아나 발바 마이네크,NULL,NULL
720, 김혜원,7.72,2850000.0
721, 김무늬,8.65,62000.0
722, 마르티나 게덱,7.625,32247.333333333332
723, 칼럼 키스 레니,7.867999999999999,103883.75
724, 히다카 노리코,NULL,NULL
725, 브루나 맷신,NULL,NULL
726, 호세 코로나도,8.81,48726.0
727, 우에노 주리,7.922499999999999,279489.0
728, 이윤혁,7.465,500000.0
729, 하라 사유리,NULL,NULL
730, 안체 트라우,7.9350000000000005,82016.25
731, 진구,8.42875,3635000.0
732, 나탈리 샤프,NULL,NULL
733, 야마시타 다이키,NULL,NULL
734, 하비에르 바르뎀,8.1125,381626.5
735, 김희원,7.975999999999999,914000.0
736, 김민준,NULL,NULL
737, 제임스 프랭코,6.475,18000.0
738, 김태균,NULL,NULL
739, 데보라 카,7.705,NULL
740, 크리스틴 벨,NULL,NULL
741, 마고 로비,8.218,255739.2
742, 펠리시티 존스,8.156249999999998,244161.0
743, 데이빗 하버,7.725714285714285,1054400.0
744, 실비아 획스,8.47,134666.66666666666
745, 매들린 캐롤,NULL,NULL
746, 류승룡,7.531999999999999,3718000.0
747, 장진,NULL,NULL
748, 키퍼 서덜랜드,7.91,695000.0
749, 마이아 세스나,NULL,NULL
750, 스티브 발렌타인,7.965000000000001,1110067.6
751, 조안 알렌,7.892857142857143,270015.2
752, 임원희,8.23857142857143,4325223.857142857
753, 이완 브렘너,8.295,1086000.0
754, 나츠카와 유이,5.95,343.5
755, 유지태,8.112857142857141,1532285.7142857143
756, 주드 로,7.206666666666666,2767333.3333333335
757, 마틴 센스마이어,8.186666666666666,335666.6666666667
758, 존 조,7.593333333333334,1479232.5
759, 사브리나 페릴리,7.84,44000.0
760, 엘리자베스 올슨,8.888,6786769.8
761, 박인환,NULL,NULL
762, 타카기 와타루,NULL,NULL
763, 루이스 호프만,5.64,18000.0
764, 제시 빌드너,NULL,NULL
765, 바바라 허쉬,7.9399999999999995,563791.5
766, 로빈 앳킨 다운즈,8.244,1340000.0
767, 호아킨 피닉스,8.629999999999999,1328000.0
768, 김환희,NULL,NULL
769, 비니 존스,4.6125,NULL
770, 김경희,NULL,NULL
771, 록산느 맥키,5.975,220000.0
772, 휴고 실바,8.14,33648.5
773, 방연지,NULL,NULL
774, 정우,8.102,2544000.0
775, 키이라 나이틀리,8.253333333333332,607746.1666666666
776, 파멜라 애들론,8.625,920000.0
777, 윤계상,8.2,1686250.0
778, 쿠마이 모토코,NULL,NULL
779, 제시 맥카트니,7.2425,84337.5
780, 브래들리 쿠퍼,9.122,6214000.0
781, 빈스 본,8.2575,58146.75
782, 박월선,NULL,NULL
783, 이원찬,NULL,NULL
784, 로즈 레슬리,6.419999999999999,64924.666666666664
785, 예지원,7.097999999999999,106859.75
786, 해몽요,NULL,NULL
787, 아이다 리카코,NULL,NULL
788, 코린 폭스,8.18,500000.0
789, 카이 스트로인크,NULL,NULL
790, 프란시스 맥도맨드,NULL,NULL
791, 다이안 키튼,8.177142857142858,387616.4285714286
792, 유이화,NULL,NULL
793, 메디 모인자데,NULL,NULL
794, 제니퍼 로페즈,7.93,240207.0
795, 오유진,NULL,NULL
796, 아만다 사이프리드,7.6875,578624.75
797, 윌리암 볼드윈,5.432499999999999,94326.0
798, 로빈 웨이거트,7.904999999999999,9411.75
799, 채정안,7.221666666666667,265356.25
800, 헤일리 스테인펠드,NULL,NULL
801, 주디 켈름,NULL,NULL
802, 키쿠치 코코로,NULL,NULL
803, 조정석,8.195,3165000.0
804, 김강우,7.562857142857142,654857.1428571428
805, 이승행,NULL,NULL
806, 존 F.브룬고트,6.91,26000.0
807, 빌리 크루덥,8.45,632800.0
808, 김응수,8.0825,2265700.625
809, 샬토 코플리,7.028333333333333,437443.0
810, 마크 월버그,7.300000000000001,2648903.0
811, 타네다 리사,NULL,NULL
812, 안효민,NULL,NULL
813, 김하늘,7.5442857142857145,2733834.0
814, 유아,NULL,NULL
815, 가이 피어스,6.414,1760.0
816, 이장원,7.291428571428573,774455.1428571428
817, 정재일,NULL,NULL
818, 박세진,NULL,NULL
819, 김희애,8.417142857142858,1016000.0
820, 키요하라 카야,8.905000000000001,32500.0
821, 함수정,8.505714285714285,593333.3333333334
822, 미란다 코스그로브,8.325999999999999,1325030.25
823, 예카테리나 삼소노프,8.25,15000.0
824, 캐서린 키너,7.903999999999999,1405000.0
825, 고동업,7.2379999999999995,370629.4
826, 에드워드 허먼,NULL,NULL
827, 류세이 료,7.363333333333333,27778.666666666668
828, 스펜서 로크,6.7,563333.3333333334
829, 아놀드 오셍,9.055,14500.0
830, 애덤 브로디,NULL,NULL
831, 마허샬라 알리,8.995,621833.3333333334
832, 나가하마 신,8.45,82500.0
833, 데비드 스트리에소브,8.416666666666666,95000.0
834, 서지연,5.91,NULL
835, 모니카 벨루치,8.1,609149.0
836, 오웬 윌슨,8.190000000000001,164983.4
837, 조은지,7.838333333333334,307674.0
838, 엘리너 톰린슨,8.425,480333.3333333333
839, 알렉산드라 라미,NULL,NULL
840, 쿠도 아스카,8.04,13114.333333333334
841, 블라디미르 브도비첸코프,7.6675,16290.25
842, 잭 맥고원,6.706666666666666,2905000.0
843, 아델 하에넬,NULL,NULL
844, 최명빈,7.955000000000001,732666.6666666666
845, 아누팜 커,8.743333333333334,32602.333333333332
846, 시호,8.4,60000.0
847, 서원석,NULL,NULL
848, 마리안 알바레즈,9.3,524.0
849, 나카지마 토모코,NULL,NULL
850, 김명민,7.67125,1596250.0
851, 교삼,NULL,NULL
852, 캐서린 랭포드,8.94,405088.5
853, 닐 패트릭 해리스,7.406666666666667,610500.0
854, 매튜 그레이 구블러,8.056666666666667,81885.75
855, 야마자키 와카나,NULL,NULL
856, 이시카와 카이토,NULL,NULL
857, 제시카 브라운 핀들레이,7.0525,135036.0
858, 마리아 카보이아니,NULL,NULL
859, 아콰피나,7.876666666666666,550841.0
860, 덩차오,7.37,2595.6666666666665
861, 린 샤예,4.165,279429.0
862, 모로호시 스미레,NULL,NULL
863, 조엘 에저튼,7.673333333333333,25129.14285714286
864, 후쿠하라 하루카,8.260000000000002,51093.0
865, 이와이 유키코,8.786249999999999,358750.0
866, 마미야 쇼타로,6.76,13116.5
867, 닉 오퍼맨,8.256666666666666,30178.666666666668
868, 맷 데이먼,8.01,809307.5
869, 레이첼 와이즈,8.8525,647037.0
870, 백윤식,8.25625,3622500.0
871, 루 리드,NULL,NULL
872, 알리슨 스토너,NULL,NULL
873, 전종서,7.793333333333333,395000.0
874, 이브 자크,8.297999999999998,51967.6
875, 다코타 패닝,8.565999999999999,876000.0
876, 크리스텔라 알론조,NULL,NULL
877, 로버트 패틴슨,7.754,506005.75
878, 헬렌 헌트,NULL,NULL
879, 고준희,6.7250000000000005,871230.5714285715
880, 엠마누엘 자이그너,7.535,28873.25
881, 우에사카 스미레,NULL,NULL
882, 박지윤,NULL,NULL
883, 하시모토 아이,6.94,3585.6
884, 케이티 코시니,NULL,NULL
885, 샘 록웰,8.770000000000001,130000.0
886, 와타나베 츠루기,8.76,66000.0
887, 제라드 버틀러,8.440000000000001,343198.6666666667
888, 코코,NULL,NULL
889, 파이살 아메드,8.96,230000.0
890, 냇 울프,7.0,6404.0
891, 라미 말렉,8.455,2315899.6666666665
892, 카렐 로든,7.5,NULL
893, 염정아,7.926,1459400.0
894, 이소연,7.526666666666666,393935.75
895, 에리카 마로잔,8.086666666666666,87000.0
896, 윌렘 대포,7.9,67000.0
897, 크리스틴 스콧 토마스,8.084,151748.75
898, 쉐인 하퍼,9.049999999999999,215250.0
899, 다니엘 래드클리프,7.833333333333333,674008.6
900, 임채헌,NULL,NULL
901, 틸다 스윈튼,7.316666666666666,28000.0
902, 정유미,NULL,NULL
903, 케빈 베이컨,8.89,38290.5
904, 크리스토퍼 에클리스턴,8.06,1522500.0
905, 이시하라 카오리,NULL,NULL
906, 배진홍,NULL,NULL
907, 앤서니 퀸틀,8.11,20000.0
908, 루이스 서키스,9.09,29000.0
909, 귀욤 고익스,8.084,2746.4
910, 이엘,7.588333333333334,2440149.6
911, 스텔란 스카스가드,8.344,748154.6
912, 맥스 마티니,7.504,222500.0
913, 이서진,6.8149999999999995,2563333.3333333335
914, 조쉬 더하멜,7.4159999999999995,688751.25
915, 엘든 이렌리치,NULL,NULL
916, 야스노 키요노,NULL,NULL
917, 아누쉬카 샤르마,9.0,374.0
918, 시원,NULL,NULL
919, 토쿠이 소라,NULL,NULL
920, 카일리 미노그,NULL,NULL
921, 사무엘 조슬린,NULL,NULL
922, 마리옹 꼬띠아르,NULL,NULL
923, 에이샤 호수완,7.16,9164.5
924, 나이토 타카시,7.653333333333333,52944.25
925, 로버트 스톨텐베르그,NULL,NULL
926, 잔 조세프 리퍼스,7.555,2098.0
927, 케이트 미쿠치,8.106666666666667,146026.83333333334
928, 이케다 슈이치,8.342000000000002,32135.125
929, 올리비아 홀트,8.33,33414.0
930, 채닝 테이텀,8.075000000000001,1045000.0
931, 카트린 프로,8.4725,10646.5
932, 쉬라토리 유리,NULL,NULL
933, 김의성,8.722,3355800.0
934, 전현무,NULL,NULL
935, 박재현,6.945,1116166.6666666667
936, 이안 헤콕스,8.92,19000.0
937, 한으뜸,NULL,NULL
938, 고아성,8.41375,1658875.0
939, 안은새,9.41,120000.0
940, 강은비,4.694,211557.8
941, 마리아나 스피바크,NULL,NULL
942, 후안 샌즈,NULL,NULL
943, 오노 마치코,7.835,96028.0
944, 오스틴 펜들튼,NULL,NULL
945, 나탈리 볼트,7.086666666666667,310215.6666666667
946, 돈 존슨,NULL,NULL
947, 한복현,NULL,NULL
948, 토머스 보 라센,8.4,18832.333333333332
949, 강신철,7.82,3395386.285714286
950, 로저 카렐,NULL,NULL
951, 루이스 풀먼,6.88,24000.0
952, 라이언 포터,9.29,2800000.0
953, 박선영,NULL,NULL
954, 도미니크 아벨,7.727499999999999,34251.5
955, 그웬돌린 크리스티,7.8025,1467500.0
956, 윤두준,NULL,NULL
957, 남주혁,8.420000000000002,2825000.0
958, 엘리아데스 오초아,NULL,NULL
959, 우에다 유지,NULL,NULL
960, 최진리,NULL,NULL
961, 제임스 프레체빌,NULL,NULL
962, 박상욱,NULL,NULL
963, 케이트 허드슨,8.613333333333333,1360622.6666666667
964, 황태광,7.02,208696.875
965, 박정욱,7.625,561689.0
966, 기영도,NULL,NULL
967, 찰리 콕스,7.466666666666666,136173.5
968, 김지민,7.105,415000.0
969, 이태란,6.564285714285714,983050.1666666666
970, 변요한,7.663333333333333,911799.8333333334
971, 소피 넬리스,8.0675,126336.25
972, 알렉산더 스카스가드,8.196666666666667,299272.3333333333
973, 루이스 이글레시아스,7.62,90000.0
974, 안윤선,NULL,NULL
975, 발로리 커리,7.3,1039853.25
976, 홍소영,8.08,750.0
977, 샬롯 램플링,8.2575,386102.0
978, 원에스더,NULL,NULL
979, 조윤희,NULL,NULL
980, 시오노 아키히사,8.39,100000.0
981, 윤진이,5.665,486889.0
982, 헬렌 미렌,7.805,1014232.8333333334
983, 게리 메이틀랜드,NULL,NULL
984, 전승화,NULL,NULL
985, 이성민,7.9350000000000005,1538126.8
986, 다케우치 준코,NULL,NULL
987, 토퍼 그레이스,7.1066666666666665,46141.25
988, 노아 테일러,7.957142857142858,879342.8571428572
989, 지민,NULL,NULL
990, 정준호,7.621428571428572,1911166.6666666667
991, 롭 슈나이더,7.580000000000001,135000.0
992, 러셀 크로우,7.686666666666667,572256.4285714285
993, 잭 맥브레이어,8.16,1085000.0
994, 데이빗 크로스,NULL,NULL
995, 김동욱,7.875714285714287,4726428.571428572
996, 키무라 스바루,8.687142857142858,179428.57142857142
997, 오양니니,NULL,NULL
998, 멜리사 레오,8.26,257238.66666666666
999, 베렌 로드리게즈,NULL,NULL
1000, 루한,NULL,NULL
1001, 앨런 릭먼,8.174999999999999,165000.0
1002, 밀라 요보비치,6.3774999999999995,169958.85714285713
1003, 박해준,8.2775,1274126.8
1004, 김환진,NULL,NULL
1005, 에이미 포엘러,8.515,2535000.0
1006, 이하율,5.8133333333333335,9113.666666666666
1007, 팀 커리,7.241666666666667,279944.6666666667
1008, 윤소이,6.973999999999999,209179.4
1009, 김옥빈,7.53875,886914.625
1010, 엄태웅,7.225,1342521.25
1011, 정준하,6.1525,1017125.0
1012, 설혜인,9.026666666666667,82333.33333333333
1013, 엠제이 안소니,7.954000000000001,605400.0
1014, 박주광,NULL,NULL
1015, 조예은,NULL,NULL
1016, 프랑크 가스탐비드,5.8149999999999995,8328.5
1017, 오희준,8.096250000000001,2320218.5
1018, 제임스 맥어보이,7.987142857142857,964428.5714285715
1019, 한나 웨어,7.156000000000001,23315.0
1020, 쿠마 켄고,NULL,NULL
1021, 안토니아 베레즈카,8.34,46000.0
1022, 여윤미,8.169999999999998,142200.0
1023, 김사라,NULL,20000.0
1024, 제니퍼 가너,8.492,47035.4
1025, 알렉스 러셀,8.593333333333334,101014.33333333333
1026, 퍼렐 윌리엄스,NULL,NULL
1027, 라디카 압테,NULL,NULL
1028, 캠 지갠뎃,6.62,462251.0
1029, AJ 버클리,7.195,1330000.0
1030, 토비 존스,7.989999999999999,6777.666666666667
1031, 조지 해리슨,NULL,NULL
1032, 찰스 그로딘,7.805,31747.5
1033, 아론 에크하트,8.436,465325.8
1034, 클라이브 오웬,8.04,185953.2
1035, 소연,NULL,NULL
1036, 칼라 구기노,7.9875,466250.0
1037, 타나카 마유미,NULL,NULL
1038, 지나 말론,7.845000000000001,18901.5
1039, 이명박,NULL,NULL
1040, 바네사 커비,8.6025,2567000.0
1041, 다니 로비라,8.1975,104192.5
1042, 오브리 플라자,6.909999999999999,32424.5
1043, 손수호,NULL,NULL
1044, 린-마누엘 미란다,8.234,580800.0
1045, 에밀리 왓슨,8.3,1140800.0
1046, 노아 주프,7.781666666666666,553308.6
1047, 프랑소와 모렐,NULL,NULL
1048, 이주창,NULL,NULL
1049, 메이지 윌리암스,7.6240000000000006,41054.4
1050, 요시노 히로유키,NULL,NULL
1051, 데이빗 벨,NULL,NULL
1052, 피터 사스가드,8.105,241626.5
1053, 제니퍼 엘,7.6066666666666665,563876.6666666666
1054, 윤종훈,7.77,NULL
1055, 최지우,6.807142857142857,502000.0
1056, 케이트 보스워스,6.920000000000001,10526.333333333334
1057, 하용조,6.765000000000001,35000.0
1058, 이주실,7.878571428571429,2079571.4285714286
1059, 아르투 드 팡게른,NULL,NULL
1060, 재지 비츠,7.76,1316880.75
1061, 홍상표,8.91,969674.2
1062, 지대한,NULL,NULL
1063, 다니엘 비서티,4.375,285050.0
1064, 이태리,6.413333333333333,718962.0
1065, 주석희,NULL,NULL
1066, 렌,NULL,NULL
1067, 제임스 마스던,8.222,259146.25
1068, 미셀 도커리,7.8500000000000005,442166.6666666667
1069, 타카츠키 사라,5.57,19806.5
1070, 양자경,7.780000000000001,824500.0
1071, 누미 라파스,6.9925,302809.3333333333
1072, 폴 니콜스,8.715,1070000.0
1073, 이하나,8.042,960691.8
1074, 무카이 오사무,7.476666666666667,294.5
1075, 하비에르 드롤라스,NULL,NULL
1076, 벤 킹슬리,7.423333333333333,9722.0
1077, 줄리엣 비노쉬,7.628,13853.2
1078, 라미란,8.74,1156000.0
1079, 엘리자베스 리저,6.760000000000001,994939.0
1080, 세스 그린,7.6499999999999995,79500.0
1081, 하승엽,9.39,29000.0
1082, 올리비아 쿡,7.415,1125561.0
1083, 샘 오취리,NULL,NULL
1084, 앤디 샘버그,8.422500000000001,727009.75
1085, 김미랑,NULL,NULL
1086, 정시연,7.095999999999999,1012200.0
1087, 미나세 이노리,NULL,NULL
1088, 애너리즈 바쏘,7.98,205333.33333333334
1089, 진경,7.814999999999999,2005333.3333333333
1090, 안토니 파딜라,8.92,19000.0
1091, 김선혜,NULL,NULL
1092, 진기주,8.725,800000.0
1093, 이안 찰슨,8.3,59000.0
1094, 박소담,8.638333333333334,1935077.8333333333
1095, RM,NULL,NULL
1096, 페토 메나헴,3.61,45000.0
1097, 주노 템플,8.25,731000.0
1098, 조하은,6.27,437.0
1099, 코니 브리튼,5.85,160000.0
1100, 황뢰,NULL,NULL
1101, 핀 화이트헤드,8.373333333333333,949000.0
1102, 코바야시 카오루,8.148333333333332,37798.6
1103, 트레이스 에드킨스,8.816666666666665,67500.0
1104, 메디 사둔,NULL,NULL
1105, CCH 파운더,8.370000000000001,6980000.0
1106, 이새봄,NULL,NULL
1107, 제이미 블랙리,7.436666666666667,9702.5
1108, 오오츠카 사에,NULL,NULL
1109, 박성웅,7.9399999999999995,1223800.0
1110, 곽현화,NULL,NULL
1111, 김지원,6.827500000000001,833500.0
1112, 크리스 J. 머레이,6.46,55000.0
1113, 알렉산더 디퍼시아,7.73,1785000.0
1114, 에밀리 라타이코프스키,8.753333333333334,679333.3333333334
1115, 제이크 맥더맨,8.602,902626.25
1116, 유혜정,6.6675,1353333.3333333333
1117, 이경태,NULL,NULL
1118, 카라 델레바인,7.813333333333333,817666.6666666666
1119, 서홍석,7.888,1190666.6666666667
1120, 페오도르 아킨,7.9225,78194.25
1121, 무라세 아유무,NULL,NULL
1122, 앵거스 샘슨,7.455,1321480.0
1123, 최다인,NULL,NULL
1124, 박조호,NULL,NULL
1125, 브래드 스웨일,7.92,47000.0
1126, 박복형,NULL,NULL
1127, 김명준,7.905,4426750.0
1128, 갤 가돗,8.255,1145000.0
1129, 소메타니 쇼타,6.686,12755.0
1130, 루안 에머라,8.73,120000.0
1131, 칼리 헤르난데스,6.901666666666667,855446.1666666666
1132, 딜란 맥더모트,6.7924999999999995,1559.0
1133, 타카기 히토시,9.53,NULL
1134, 김수미,7.224285714285713,738857.1428571428
1135, 임슬옹,6.571666666666668,515988.0
1136, 니콜라스 케이지,9.35,230000.0
1137, 밥,NULL,NULL
1138, 황미영,7.288333333333334,252019.8
1139, 실베스터 스탤론,7.380000000000001,129255.2
1140, 봉만대,NULL,NULL
1141, 고토 사오리,NULL,NULL
1142, 이재현,NULL,NULL
1143, RJ 사일러,NULL,NULL
1144, 나카무라 치에,NULL,NULL
1145, 박신양,7.06,1070000.0
1146, 아유쉬만 커라나,8.71,13404.5
1147, 제인 폰다,8.504000000000001,68600.0
1148, 로베르토 베니니,7.574999999999999,65440.0
1149, 카미시라이시 모네,8.716666666666667,1313370.3333333333
1150, 제이슨 클락,NULL,NULL
1151, 우치다 아야,NULL,NULL
1152, 장쯔이,8.07,118227.66666666667
1153, 디 월리스,6.22,35500.0
1154, 아리무라 카스미,8.405000000000001,13656.0
1155, 장다운,NULL,NULL
1156, 론 샤바놀,7.473333333333334,67000.0
1157, 코유 랜킨,8.68,33000.0
1158, 조쉬 딜란,9.08,2290000.0
1159, 제미마 웨스트,6.126666666666668,191350.33333333334
1160, 아그네스 브루크너,5.574999999999999,2679.0
1161, 빌 머레이,7.968571428571429,471714.28571428574
1162, 크리스틴 위그,7.815714285714287,453200.0
1163, 더모트 멀로니,5.135,21500.0
1164, 레이 스티븐슨,7.733999999999999,1347500.0
1165, 엄채영,7.6259999999999994,603500.0
1166, T.J. 밀러,8.236,1235038.2
1167, 전광주,NULL,NULL
1168, 샤이니,NULL,NULL
1169, 주디 데이비스,7.956666666666667,94020.2
1170, 조 샐다나,8.785,15952.5
1171, 욜랜드 모로,7.42,4222.0
1172, 로건 레먼,7.8774999999999995,855000.0
1173, 진혜림,6.390000000000001,50852.75
1174, 김현지,NULL,NULL
1175, 리차드 젠킨스,8.066666666666666,727346.0
1176, 이주원,NULL,NULL
1177, 최유화,7.98125,2613375.0
1178, 리오 겐,8.65,NULL
1179, 우치다 카라,8.850000000000001,36500.0
1180, 강은애,NULL,NULL
1181, 폴린 에티엔,8.123333333333333,4770.5
1182, 루크 브레이시,7.956,514600.0
1183, 보이드 홀브룩,8.135,1170000.0
1184, 켈리 마리 트란,8.5125,500000.0
1185, 루비 로즈,7.411666666666666,341731.5
1186, 박순동,NULL,NULL
1187, 데이브 존스,9.28,99000.0
1188, 클레어 포이,7.788333333333334,193310.33333333334
1189, 루크 고스,NULL,NULL
1190, 웨스 로빈슨,5.84,47000.0
1191, 유다인,7.478,889794.4
1192, 헤일리 베넷,7.575714285714286,167144.66666666666
1193, 칼라 피터슨,5.895,34500.0
1194, 뷔,NULL,NULL
1195, 카가와 테루유키,7.29,59484.0
1196, 성민철,6.468000000000001,29309.0
1197, 자레드 해리스,8.094999999999999,182434.0
1198, 하윤경,7.351999999999999,8720.6
1199, 드리아 드 마테오,7.169999999999999,38508.75
1200, 사카타 리카코,8.4,60000.0
1201, 박보영,NULL,NULL
1202, 요시유키 카즈코,8.79,5842.0
1203, 유대형,7.9925,108706.5
1204, 월튼 고긴스,8.274,2097500.0
1205, 곽설부,NULL,NULL
1206, 잭 블랙,NULL,NULL
1207, 니시모토 리미,NULL,NULL
1208, 프레디 하이모어,7.6225,85841.75
1209, 쿠보 유리카,NULL,NULL
1210, 김한주,8.39,31000.0
1211, 김새론,7.491666666666667,169500.0
1212, 제프리 탬버,8.51,248519.33333333334
1213, 노아 스납,NULL,NULL
1214, 이제훈,8.254285714285716,1477566.857142857
1215, 칼릴 해리스,NULL,NULL
1216, 류이치 사카모토,NULL,NULL
1217, 소주연,7.890000000000001,74339.33333333333
1218, 스털링 제린스,8.218333333333332,358737.8333333333
1219, 안소니 마키,7.423333333333333,4659644.666666667
1220, 스콧 애짓,8.7275,599465.0
1221, 미켈 폴스라르,8.25,13440.0
1222, 안도규,6.587999999999999,1436863.6
1223, 박금분,NULL,NULL
1224, 성완경,NULL,NULL
1225, 엘리자베스 모버그,NULL,NULL
1226, 자크 검블린,NULL,NULL
1227, 마리아 시드,8.2,19000.0
1228, 론 펄먼,6.0,34893.0
1229, 하지원,6.58,1043105.4285714285
1230, 혁,7.92,21468.75
1231, 산자르 마디에브,4.345,NULL
1232, 마리아 푸할테,7.805,46955.5
1233, 자레드 길만,8.7,36548.0
1234, 마일스 트루잇,9.26,18000.0
1235, 브렌단 글리슨,7.922,139330.0
1236, 킨죠 야마토,8.45,155000.0
1237, 매켄지 포이,8.6475,2862500.0
1238, 기욤 갈리엔,NULL,NULL
1239, 룰루 윌슨,7.503333333333334,776666.6666666666
1240, 브랜던 스콧,6.047499999999999,24267.0
1241, 존 쿠삭,6.186666666666667,1379.0
1242, 케이티 홈즈,7.416666666666667,19484.666666666668
1243, 박기웅,6.6812499999999995,1958205.5
1244, 권상우,8.304,2098000.0
1245, 유동균,NULL,NULL
1246, 잭 로던,8.2925,571668.0
1247, 마크 스트롱,NULL,NULL
1248, 크리스틴 돈런,7.97,774.0
1249, 빌리 하울,8.155,721000.0
1250, 조세핀 자피,8.879999999999999,47129.0
1251, 오지호,5.33625,5267.125
1252, 크리스티안 울멘,6.949999999999999,25135.0
1253, 루크 에반스,8.085,266394.25
1254, 제임스 코든,7.733999999999999,511000.0
1255, 이원순,NULL,NULL
1256, 폴 지아마티,7.375,111333.33333333333
1257, 임지규,7.700000000000001,909832.1666666666
1258, 벤 스틸러,7.734999999999999,296954.25
1259, 스테이시 마틴,7.407500000000001,3149.6666666666665
1260, 자스민 리긴스,NULL,NULL
1261, 데이빗 A.R. 화이트,7.041428571428571,52189.666666666664
1262, 이남규,NULL,NULL
1263, 레이 로마노,8.284,500800.0
1264, 베니시오 델 토로,7.963749999999999,1561002.25
1265, 카일리 커란,8.56,62000.0
1266, 토니 헤일,8.825,1360059.0
1267, 이항나,NULL,NULL
1268, 최하나,NULL,NULL
1269, 세토 코지,7.445,17000.0
1270, 릴리 레이브,7.489999999999999,50718.666666666664
1271, 덴젤 워싱턴,7.73,336935.3333333333
1272, 올웬 캐서린 켈리,NULL,NULL
1273, 이계인,6.949999999999999,104584.2
1274, 제이슨 리,NULL,NULL
1275, 에디 이자드,8.716666666666667,75708.66666666667
1276, 태런 에저튼,8.121428571428572,1066714.2857142857
1277, 카토 에미리,8.290000000000001,36662.5
1278, 랜디 셸리,NULL,NULL
1279, 케링턴 페인,7.136666666666667,309000.0
1280, 로라 하드독,6.5920000000000005,1486666.6666666667
1281, 여욱환,7.562499999999999,2388250.0
1282, 서인국,7.619999999999999,290000.0
1283, 에반젤린 릴리,8.7925,3887756.25
1284, 시리 닐센,6.91,26000.0
1285, 제이든 스미스,7.119999999999999,742500.0
1286, 칼리 포프,5.800000000000001,600323.5
1287, 경첨,6.684285714285714,568132.0
1288, 이현진,NULL,NULL
1289, 로버트 네퍼,7.85,475000.0
1290, 알리슨 필,8.336666666666668,1623750.8333333333
1291, 이병헌,8.256,4122000.0
1292, 벤 애플렉,8.42,616766.6666666666
1293, 노아 자베드라,NULL,NULL
1294, 에릭 토스티,NULL,NULL
1295, 지성,6.884285714285715,1185333.3333333333
1296, 히라타 히로아키,NULL,NULL
1297, 하타나카 타스쿠,NULL,NULL
1298, 오셔 잭슨 주니어,8.236,124169.8
1299, 토요나가 토시유키,8.1375,85250.0
1300, 조쉬 루카스,8.225000000000001,345534.5
1301, 재커리 퀸토,6.94,39475.0
1302, 김수안,8.021666666666667,5732520.333333333
1303, 올리비아 데종,7.13,28289.5
1304, 젬마 찬,7.85,1981223.3333333333
1305, 세바스티안 시삭,4.55,NULL
1306, 도널 글리슨,8.32,440000.0
1307, 카린 비아르,7.276666666666666,2666.0
1308, 매튜 리즈,8.355,160000.0
1309, 유리,NULL,NULL
1310, 김도영,NULL,NULL
1311, 데이빗 스트래던,NULL,NULL
1312, 모리카와 토시유키,NULL,NULL
1313, 야오 카즈키,8.98,175000.0
1314, 마츠오카 요시츠구,NULL,NULL
1315, 고대영,9.23,1260000.0
1316, 모건 프리먼,7.23625,134711.0
1317, 케빈 지거스,6.5375,143129.25
1318, 짐 캐리,7.960000000000001,150000.0
1319, 찰리 헌냄,NULL,NULL
1320, 리코 로드리게스,7.46,13747.5
1321, 니콜라이 킨스키,7.165,290000.0
1322, 케이트 업톤,NULL,NULL
1323, 왕대륙,5.255,5037.333333333333
1324, 케이틀린 올슨,8.6,1350000.0
1325, 임하진,7.367142857142857,39036.0
1326, 패트릭 뎀시,7.266666666666667,1757495.4
1327, 서다혜,NULL,NULL
1328, 사미르 구에스미,NULL,NULL
1329, 올랜도 블룸,7.25,1188046.0
1330, 실로 페르난데즈,7.3475,19687.333333333332
1331, 석승훈,6.3933333333333335,37104.4
1332, 마크 톰슨,NULL,NULL
1333, 대니얼 대 킴,8.285,255000.0
1334, 안젤라베이비,6.505,503611.3333333333
1335, 타니야마 키쇼,NULL,NULL
1336, 키리타니 미레이,8.08,8079.0
1337, 저스틴 롱,7.463333333333334,21500.0
1338, 채서진,7.5625,293887.0
1339, 소피 드 퓌어스트,NULL,NULL
1340, 혜리,7.824999999999999,373500.0
1341, 오크스 페글리,7.843333333333334,47333.333333333336
1342, 안종덕,7.458750000000001,21448.125
1343, 멜리사 조안 하트,9.56,39000.0
1344, 스티븐 스트레이트,5.220000000000001,565306.5
1345, 존 크래신스키,8.601666666666667,286500.0
1346, 제레미 레너,8.62,3897000.0
1347, 이세은,6.9125,305333.3333333333
1348, 왕지혜,6.897500000000001,214750.0
1349, 오스카 아이삭,7.723333333333334,402201.6666666667
1350, 존 리스고,7.398000000000001,99500.0
1351, 이사벨라 모너,8.133333333333333,1080000.0
1352, 린제이 던칸,7.355714285714285,131447.0
1353, 배창복,9.52,42000.0
1354, 시모지 시노,NULL,NULL
1355, 패트리샤 히튼,8.440000000000001,58000.0
1356, 박상훈,NULL,NULL
1357, 폴 러드,8.345714285714285,4778584.166666667
1358, 장 뒤자르댕,8.555,6559.0
1359, 엠마 스톤,8.821428571428573,898428.5714285715
1360, 로레인 투세인트,6.789999999999999,30500.0
1361, 김윤석,8.675714285714287,3621428.5714285714
1362, 정애연,7.13125,84794.57142857143
1363, 스티브 스털리,7.405,14483.25
1364, 케이트리오나 발피,NULL,NULL
1365, 김나니,NULL,NULL
1366, 헤일리 스콰이어,9.28,99000.0
1367, 50 센트,6.895714285714285,438071.8333333333
1368, 모리쿠보 쇼타로,NULL,NULL
1369, 코너 코롬,NULL,NULL
1370, 케이티 크라운,8.83,320000.0
1371, 제레미 어바인,7.2425,581761.5
1372, 메리 루이스 파커,8.063333333333333,1066666.6666666667
1373, 로버트 캐러딘,8.55,260000.0
1374, 버트 컬버,NULL,NULL
1375, 사라 포레스티에,7.4425,9657.0
1376, 팀 블레이크 넬슨,6.1,1122.0
1377, 원효초,NULL,NULL
1378, 이인성,7.131666666666667,1026000.0
1379, 데보라 프랑소와,7.333333333333333,17000.0
1380, 제이크 존슨,NULL,NULL
1381, 조나 힐,8.596,352800.0
1382, 티모시 스폴,7.98,28097.0
1383, 프랭크 란젤라,8.4175,9888.0
1384, 엠마누엘 리바,8.172,36821.0
1385, 캐서린 테이트,6.875,741666.6666666666
1386, 에단 호크,6.825000000000001,21025.0
1387,한석규,7.94625,2037500.0
1388, 장혁,7.663333333333334,303333.3333333333
1389, 브릿 쇼,5.484999999999999,29751.0
1390, 안도 마사노부,6.76,26000.0
1391, 토마스 크레취만,7.936,3046353.25
1392, 칼럼 터너,7.67,699668.75
1393, 이슬,NULL,NULL
1394, 백승환,8.498333333333333,798136.5
1395, 샤를리즈 테론,7.972857142857142,516302.6666666667
1396, 야마야 카스미,8.76,66000.0
1397, 조슈아 J. 발라드,8.3,310000.0
1398, 루이사나 로필라토,NULL,NULL
1399, 이나미 안쥬,NULL,NULL
1400, 샘 워싱턴,6.915,78000.0
1401, 에린 모리아티,8.995000000000001,10721.666666666666
1402, 김민경,7.2700000000000005,221104.125
1403, 맥스 데이어,6.313333333333333,24000.0
1404, 장 도르메송,NULL,NULL
1405, 김성규,8.670000000000002,4614000.0
1406, 마크 모라한,7.93,18250.0
1407, 우정신,NULL,NULL
1408, 제이홉,NULL,NULL
1409, 소피 오코네도,7.356,339000.0
1410, 제이슨 아이삭스,8.117999999999999,126111.6
1411, 오달수,8.408000000000001,5432000.0
1412, 로자먼드 파이크,7.486,16308.6
1413, 성은,NULL,NULL
1414, 양정화,8.3125,NULL
1415, 차지연,6.8549999999999995,424389.5
1416, 윤안나,NULL,NULL
1417, 데이빗 듈리스,7.312,589107.5
1418, 지현우,7.09857142857143,267622.5714285714
1419, 스티븐 딜레인,NULL,NULL
1420, 크리스토퍼 월켄,7.794285714285714,399595.85714285716
1421, 폴 브래니건,7.366666666666667,16355.0
1422, 마이클 페나,8.13,1424750.0
1423, 아미아 밀러,7.93,1580000.0
1424, 래피 캐시디,NULL,NULL
1425, 우디 앨런,NULL,NULL
1426, 공리,8.065000000000001,139000.0
1427, 찰리 로우,NULL,NULL
1428, 바이올렛 빈,8.08,310000.0
1429, 앨리시아 벨라 베일리,7.265,3172000.0
1430, 조던 캘러웨이,6.78,73000.0
1431, 앤드류 가필드,8.438333333333333,53839.666666666664
1432, 카미야 히로시,NULL,NULL
1433, 지수,8.55,90052.5
1434, 안톤 옐친,7.4925,389209.3333333333
1435, 휴 그랜트,8.48857142857143,164714.2857142857
1436, 핌차녹 류위셋파이분,8.47,16000.0
1437, 사카키 히데오,8.36,NULL
1438, 나카무라 유코,9.23,120000.0
1439, 이지현,NULL,NULL
1440, 정해인,7.258333333333333,1103714.0
1441, 엠버 허드,NULL,NULL
1442, 알렉산더 굴드,8.92,2600000.0
1443, 브리 라슨,7.5600000000000005,4942844.75
1444, 이관희,5.64,160000.0
1445, 프레더릭 피에롯,NULL,NULL
1446, 메릴 스트립,8.745,590817.5
1447, 세레나 그랜디,NULL,NULL
1448, 아이미,NULL,NULL
1449, 엘르 패닝,7.590000000000001,311505.6
1450, 조용주,8.45,3832.5
1451, 마리아 카스트로,6.9350000000000005,47538.0
1452, 토비 맥과이어,7.206666666666667,546689.8
1453, 김민성,NULL,NULL
1454, 유연석,8.01,757857.1428571428
1455, 이상범,NULL,NULL
1456, 하하,NULL,NULL
1457, 아오야기 쇼,4.45,136968.33333333334
1458, 올리비아 와일드,8.53,16000.0
1459, 제프리 라이트,7.503333333333334,429140.0
1460, 마그 헬젠버거,7.53,91841.75
1461, 보아,NULL,NULL
1462, 헤라 힐마,7.710000000000001,260000.0
1463, 고성희,6.84,189000.0
1464, 스베리르 구드나손,7.886,11933.75
1465, 이현욱,7.575,1495000.0
1466, 폴 베타니,8.464999999999998,5115476.833333333
1467, 마샤 게이 하든,7.363333333333333,139411.0
1468, 손상연,NULL,NULL
1469, 하룡이,NULL,NULL
1470, 마르게타 이글로바,8.155000000000001,141500.0
1471, 안장혁,8.83,1110000.0
1472, 데이몬 웨이언스 주니어,9.29,2800000.0
1473, 미셸 모나한,8.196,1472564.0
1474, 에드 해리스,8.04,359333.3333333333
1475, 힐러리 더프,6.32,23050.0
1476, 벤 위쇼,7.828,359799.8
1477, 자크 길포드,7.67,63500.0
1478, 류점희,NULL,NULL
1479, 데브 파텔,8.7725,58750.0
1480, 일리야 함초프,NULL,NULL
1481, 간정예,9.13,420000.0
1482, 마핫 M. 알리,9.05,240000.0
1483, 김성오,8.051666666666668,1010000.0
1484, 로리 홀든,7.01,357500.0
1485, 릴리 콜린스,6.855,156529.25
1486, 토니 샬호브,7.471666666666667,281750.0
1487, 로버트 드 니로,8.512857142857142,2541811.5
1488, 숀 애스틴,8.285,19500.0
1489, 민승우,NULL,NULL
1490, 안세하,8.584285714285715,912857.1428571428
1491, 바크하드 압디,8.575999999999999,119075.6
1492, 김민교,7.95,1529000.0
1493, 에이든 러브캠프,7.215,37500.0
1494, 문소리,8.464285714285714,275230.0
1495, 올리버 마수치,5.31,18500.0
1496, 조나단 프라이스,NULL,NULL
1497, 브라이스 게이사르,9.425,182000.0
1498, 나오미 해리스,7.946666666666666,816249.5
1499, 산제이 더트,8.32,24313.5
1500, 이기복,NULL,NULL
1501, 정의한,NULL,NULL
1502, 강민준,NULL,NULL
1503, 하시즈메 이사오,8.435,32381.5
1504, 필립 느와레,9.36,NULL
1505, 마들렌 비손,NULL,NULL
1506, 모세 제이콥 스톰,5.37,210000.0
1507, 폴 뉴먼,8.605,14000.0
1508, 김영철,7.722857142857142,1518200.0
1509, 크리스 헴스워스,8.61,6224000.0
1510, 경수진,NULL,NULL
1511, 김향기,9.026666666666666,4900500.0
1512, 대악악,NULL,NULL
1513, 나가노 메이,8.379999999999999,7168.4
1514, 홍시호,NULL,NULL
1515, 밀라 쿠니스,7.549999999999999,167750.0
1516, 박근형,7.95875,890500.0
1517, 야시로 타쿠,NULL,NULL
1518, 에리카 크리스틴슨,7.434999999999999,45393.0
1519, 토머스 도니,5.925,NULL
1520, 크리스티앙 클라비에,7.545,13000.0
1521, 스즈키 타츠히사,NULL,NULL
1522, 론다 로우지,8.386666666666667,1153333.3333333333
1523, 조미래,6.55,505000.0
1524, 정두언,NULL,NULL
1525, 김기철,NULL,NULL
1526, 김두선,NULL,NULL
1527, 꼼빠이 세군도,NULL,NULL
1528, 케이트 델 카스틸로,8.263333333333334,202333.33333333334
1529, 짐 스터게스,7.340000000000001,172046.33333333334
1530, 이진희,NULL,NULL
1531, 타이론 블론디어,NULL,NULL
1532, 아론 크렙스,7.34,52000.0
1533, 카리스마 카펜터,6.210000000000001,286000.0
1534, 김한나,8.718333333333332,534252.5
1535, 알리나 라니나,4.55,NULL
1536, 구구 바샤-로,7.819999999999999,29000.0
1537, 패트릭 스웨이지,8.404,110396.0
1538, 임시완,8.514,2916000.0
1539, 강진아,8.739999999999998,15500.0
1540, 연우진,8.088333333333333,622166.6666666666
1541, 홍은희,4.97,98000.0
1542, 수잔 듀어든,NULL,NULL
1543, 시다 미라이,8.319999999999999,14833.0
1544, 루니 마라,7.846666666666668,32296.833333333332
1545, 빅토리아,6.063333333333333,55000.0
1546, 고츠 오토,NULL,NULL
1547, 라일리 코프,7.615,12679.333333333334
1548, 헨리 골딩,6.958333333333333,98680.83333333333
1549, 안드레아 덱,7.734999999999999,1227000.0
1550, 마오,7.705,10769.5
1551, 주원,7.1,676000.0
1552, 탕웨이,7.880000000000001,13829.0
1553, 차논 산티네톤쿨,8.76,18000.0
1554, 이주영,8.5175,510425.5
1555, 마이클 섀넌,NULL,NULL
1556, 탁원정,NULL,NULL
1557, 짐 커밍스,NULL,NULL
1558, 카일 챈들러,8.214285714285715,386184.0
1559, 콤 미니,7.84,84023.0
1560, 권문정,NULL,NULL
1561, 케브 아담스,8.344999999999999,141000.0
1562, 김갑수,8.298333333333334,1672006.8333333333
1563, 피 부,8.396666666666667,622000.0
1564, 정재영,7.69125,921000.0
1565, 전무송,8.247142857142858,243337.0
1566, 개리,NULL,NULL
1567, 이정은,NULL,NULL
1568, 최민수,6.87625,862500.0
1569, 김희찬,NULL,NULL
1570, 킴 딜레이니,NULL,NULL
1571, 설현,7.512499999999999,2570571.0
1572, 아론 재커리 필립스,6.57,70000.0
1573, 아놀드 슈왈제네거,6.329999999999999,1130177.0
1574, 가렛 딜라헌트,6.0566666666666675,2063.0
1575, 케이트 윈슬렛,8.2225,13390.5
1576, 조경숙,7.747142857142856,306185.0
1577, 안나 르마르샹,NULL,NULL
1578, 댄 스티븐스,6.598333333333334,11515.333333333334
1579, 양방언,NULL,NULL
1580, 케이틀린 디아스,NULL,NULL
1581, 카일리 로저스,7.386666666666667,26400.0
1582, 송준석,8.245,39166.666666666664
1583, 제시카 하퍼,8.256666666666668,33000.0
1584, 배리 케오간,7.7299999999999995,981643.3333333334
1585, 김윤진,8.465000000000002,3758333.3333333335
1586, 케빈 구스리,7.63,1745666.6666666667
1587, 헬무트 베르거,7.946000000000001,15173.333333333334
1588, 김준현,9.2,17000.0
1589, 김지훈,5.705,62500.0
1590, 브리지트 포시,8.678,9497.0
1591, 토마스 생스터,7.626,1960398.25
1592, 안현서,NULL,NULL
1593, 페가 페리도니,9.6,NULL
1594, 이지형,NULL,NULL
1595, 피터 린츠,7.37,35000.0
1596, 김준,NULL,NULL
1597, 카드 므라드,8.306666666666667,6296.333333333333
1598, 조쉬 펙,7.29,224000.0
1599, 크리스 서랜던,5.55,10000.0
1600, 마이크 폴락,7.376666666666666,73333.33333333333
1601, 몽가혜,NULL,NULL
1602, 김은아,NULL,NULL
1603, 알렉산드르 일린,8.34,46000.0
1604, 헤로니모 임,NULL,NULL
1605, 사토 타케루,7.57,18469.5
1606, 캐리 앤 모스,6.962000000000001,462188.0
1607, 임현식,7.761428571428572,1375183.1666666667
1608, 리 톰슨,6.25,NULL
1609, 호소야 요시마사,NULL,NULL
1610, 곽시양,8.323333333333332,1040120.5
1611, 정지훈,8.408750000000001,4973750.0
1612, 장성범,8.23857142857143,2401285.714285714
1613, 쿠니치 노무라,8.68,33000.0
1614, 제임스 앨런 맥퀸,NULL,NULL
1615, 그레타 거윅,8.344285714285714,184000.0
1616, 사라 보웰,NULL,NULL
1617, 이지아,5.91,35500.0
1618, 카지 유우키,NULL,NULL
1619, 나오미 스콧,8.775,4428750.0
1620, 후쿠야마 쥰,NULL,NULL
1621, 엘리자베스 롬,4.095,8592.0
1622, 황재원,NULL,NULL
1623, 고보결,6.78,1292508.6666666667
1624, 박정민,7.646666666666666,1771828.0
1625, 유덕화,8.172500000000001,126087.5
1626, 휴고 위빙,8.1425,121604.25
1627, 한석규,7.94625,2037500.0
1628, 니키 바칼리,8.87,30000.0
1629, 티아 마이피,6.95,27000.0
1630, 김하영,7.416000000000001,2148183.6
1631, 유세형,NULL,NULL
1632, 마이클 키튼,8.381428571428572,1119384.4285714286
1633, 프레드 세비지,7.2379999999999995,3478.0
1634, 최민재,8.48,176506.0
1635, 트래반트 로즈,7.68,118190.6
1636, 칸이치로,7.48,98021.5
1637, 김무열,8.09,1710000.0
1638, 다니엘 데이 루이스,7.948,166000.0
1639, 저메인 클레멘트,8.48,647000.0
1640, 빈센트 도노프리오,6.7375,6627.0
1641, 미셸 로드리게즈,8.774,1662410.0
1642, 마이카 먼로,7.18,15589.0
1643, 윤찬영,NULL,NULL
1644, 박근록,8.3125,1792557.0
1645, 라스무스 하디커,7.96,24666.666666666668
1646, 하야시바라 메구미,NULL,NULL
1647, 차태현,7.58,2907125.0
1648, 필립 글래스,NULL,NULL
1649, 줄리 월터스,8.68625,404774.0
1650, 주지훈,8.197999999999999,7412000.0
1651, 박해일,7.462000000000001,2231000.0
1652, 강혜정,6.897142857142858,110117.28571428571
1653, 니노 카스텔누오보,NULL,NULL
1654, 베라 파미가,7.848000000000001,380226.2
1655, 안소희,NULL,NULL
1656, 마리야 미로노바,NULL,NULL
1657, 제이콥 트렘블레이,8.645,218000.0
1658, 줄리안 허프,NULL,NULL
1659, 마이클 오그,NULL,NULL
1660, 이디나 멘젤,9.025,6557500.0
1661, 강동원,7.491666666666667,3493333.3333333335
1662, 야마모토 미즈키,7.24,1421.0
1663, 안젤리카 베일,7.78,36000.0
1664, 로라 치아티,5.19,44000.0
1665, 로렌스 피시번,8.695,1144333.3333333333
1666, 제이슨 서디키스,NULL,NULL
1667, 마이클 무어,NULL,NULL
1668, 나가세 마사토시,8.05,3854.3333333333335
1669, 야마데라 코이치,8.828,87506.0
1670, 에모토 아키라,8.4725,44819.8
1671, 타마시로 티나,6.61,33065.0
1672, 히가시데 마사히로,7.415,6786.4
1673, 아나 지라르도,8.6225,20390.0
1674, 디에고 루나,5.859999999999999,47738.5
1675, 마가렛 피사렉,NULL,NULL
1676, 제임스 스페이더,8.032499999999999,3544212.3333333335
1677, 이태경,8.2075,2126.3333333333335
1678, 브루노 마스,7.95,760000.0
1679, 키언 존슨,7.22,967710.3333333334
1680, 크리스틴 스튜어트,NULL,NULL
1681, 신구,8.377142857142857,786898.5714285715
1682, 박소영,5.73,10000.0
1683, 나탈리 베이,7.015000000000001,21500.0
1684, 박서준,7.948333333333333,3781666.6666666665
1685, 이리노 미유,9.022,100600.0
1686, 권소현,8.383333333333333,1119219.1666666667
1687, 션 헤이즈,7.537999999999999,89676.6
1688, 더글러스 부스,8.145,116209.25
1689, 카롤리나 바르체,NULL,NULL
1690, 정선혜,8.54,2493.0
1691, 김민정,7.774999999999999,1061400.0
1692, 지창욱,6.856250000000001,1375000.0
1693, 김시아,8.4425,2574000.0
1694, 리카르도 알라니스,7.43,99000.0
1695, 벤 크로스,7.7749999999999995,337275.0
1696, 필라르 로페스 데 아얄라,8.18,24000.0
1697, 다누쉬,9.02,16000.0
1698, 로망 뒤리스,6.833333333333333,36512.5
1699, 데이빗 월튼,7.99,80000.0
1700, 엑셀 프랄,8.056666666666667,25465.0
1701, 정원창,8.191666666666668,3613422.8333333335
1702, 임창정,7.606666666666666,597000.0
1703, 캐머런 영,NULL,NULL
1704, 코니 닐슨,6.973333333333333,492469.8
1705, 정우식,8.690000000000001,1074000.0
1706, 사이먼 페그,7.6850000000000005,2208383.75
1707, 잭 브라이트,8.92,1330000.0
1708, 브루스 윌리스,2.5060000000000002,2227.5
1709, 산페이 유코,NULL,NULL
1710, 코야마 리키야,NULL,NULL
1711, 사이토 슈카,NULL,NULL
1712, 해나 존-케이먼,8.386666666666665,2743333.3333333335
1713, 가브리엘 유니온,6.25,19000.0
1714, 유해진,8.505714285714287,4962857.142857143
1715, 엠마 테이트,NULL,NULL
1716, 사문영,NULL,NULL
1717, 브렌든 프레이저,7.7425,254000.0
1718, 다이고 코타로,8.725000000000001,2755000.0
1719, 진세연,8.075000000000001,2084250.0
1720, 레이 파크,6.035,1850000.0
1721, 윤제문,7.4957142857142856,1068638.142857143
1722, 제레미 아이언스,8.085999999999999,453824.6
1723, 데이빗 알루,NULL,NULL
1724, 클리프톤 콜린스 주니어,8.91,100000.0
1725, 조성하,7.4816666666666665,1988301.3333333333
1726, 칼리 쿠오코,8.07,235000.0
1727, 조지나 제인,NULL,NULL
1728, 김소희,6.5200000000000005,85989.66666666667
1729, 양정원,NULL,NULL
1730, 벤 스몰,7.603333333333333,18666.666666666668
1731, 플로렌스 포레스티,7.9675,148056.0
1732, 카를로스 블랑코,NULL,NULL
1733, 슈가,NULL,NULL
1734, 제커리 레비,8.562000000000001,760598.6
1735, 최준영,8.462499999999999,793071.125
1736, 다니엘 칼루야,NULL,NULL
1737, 폴라 패튼,8.32,297987.25
1738, 잔느 모로,7.97,1295.5
1739, 나카죠 아야미,8.13,2186.0
1740, 마크 해밀,6.7925,378869.75
1741, 하나자와 카나,NULL,NULL
1742, 크리스 프랫,NULL,NULL
1743, 사라 스누크,7.5424999999999995,43420.0
1744, 박영화,7.047499999999999,355028.0
1745, 톰 윌킨슨,7.615000000000001,19165.25
1746, 이완 맥그리거,NULL,NULL
1747, 데이비드 웬햄,8.933333333333332,1055000.0
1748, 스티브 부세미,8.1725,272668.25
1749, 크리스티안 맥케이,6.776666666666666,48575.333333333336
1750, 타도코로 아즈사,NULL,NULL
1751, 난죠 요시노,NULL,NULL
1752, 하마베 미나미,8.2,13100.333333333334
1753, 이예원,7.699999999999999,1172500.0
1754, 루카 치코바니,8.75,17000.0
1755, 톈위,NULL,NULL
1756, 제라르딘 나카체,6.84,15000.0
1757, 김민희,7.876250000000001,549507.5
1758, 카일 맥라클란,7.197999999999999,871374.8333333334
1759, 밀리 바비 브라운,8.51,525000.0
1760, 시스틴 로즈 스탤론,8.18,500000.0
1761, 루시 펀치,7.035,170767.0
1762, 제임스 카비젤,8.92,280000.0
1763, 엠마뉴엘 잘,9.55,15000.0
1764, 이규창,NULL,NULL
1765, 조시 게드,9.1325,3518750.0
1766, 랄프 슈미츠,7.49,166500.0
1767, 티파니 해디쉬,8.98,645000.0
1768, 유동근,6.355,333320.75
1769, 오오시마 유코,7.385,24000.0
1770, 요코하마 류세이,8.086666666666668,3375.0
1771, 이범수,7.8725000000000005,1882714.2857142857
1772, 정준원,7.8183333333333325,596333.3333333334
1773, 제이미 캠벨 바우어,7.659999999999999,1650000.0
1774, 신경선,NULL,NULL
1775, 사라 테일러,NULL,NULL
1776, 김현수,7.014285714285714,987428.5714285715
1777, 맨디 파틴킨,7.8825,197967.0
1778, 헨리 토마스,7.27,255000.0
1779, 홍민아,NULL,NULL
1780, 신세경,6.498571428571428,1019701.1428571428
1781, 엠바이어 칠더스,5.648571428571429,10736.166666666666
1782, 테드 맥긴리,9.03,50389.5
1783, 프레야 메이버,7.545,23780.0
1784, 캐서린 제타-존스,NULL,NULL
1785, 김율,NULL,NULL
1786, 김가빈,NULL,NULL
1787, 김래원,8.022857142857143,1544285.7142857143
1788, 김상중,7.382499999999999,1281145.25
1789, 배정미,NULL,NULL
1790, 마츠유키 야스코,6.946666666666666,3456.6666666666665
1791, 폴 브라이언트,NULL,NULL
1792, 니콜라스 파렐,7.907500000000001,136750.0
1793, 수시 울드,NULL,NULL
1794, 에이사 곤살레스,8.106,876170.4
1795, 토비어스 멘지스,7.38,362315.6666666667
1796, 에바 노블자다,NULL,NULL
1797, 코바야시 아이카,NULL,NULL
1798, 이자벨 위페르,7.547999999999999,13386.2
1799, 랜디 웨인,3.0,NULL
1800, 린다 카델리니,8.605,2467333.3333333335
1801, 고마츠 나나,7.9375,7726.75
1802, 남상일,NULL,NULL
1803, 사이몬 필립스,3.2300000000000004,13050.0
1804, 엄지원,8.010000000000002,2157500.0
1805, 시아란 힌즈,7.3149999999999995,635206.0
1806, 유승호,7.142857142857145,1119714.2857142857
1807, 에스미 마키코,6.27,11048.5
1808, 이소은,7.0,NULL
1809, 야나기 미키,8.76,66000.0
1810, 카롤리나 비드라,NULL,NULL
1811, 엘리자베스 올린,6.82,9240.0
1812, 김현욱,NULL,NULL
1813, 알 파치노,7.54,115215.0
1814, 키타 카나,NULL,NULL
1815, 니콜라스 홀트,7.925,217774.83333333334
1816, 타티아나 빌헬모바,7.41,26000.0
1817, 치치 마린,7.945,245250.0
1818, 저스틴 채트윈,8.7,28000.0
1819, 프란세스 드 라 투어,7.640000000000001,529190.5
1820, 이학주,7.739999999999999,867758.4
1821, 박성광,NULL,NULL
1822, 박해수,7.9959999999999996,3346593.6
1823, 아드리안 팔리키,6.503333333333334,990000.0
1824, 르자,7.236666666666667,32666.666666666668
1825, 스테파니 비트리즈,8.266666666666666,169566.33333333334
1826, 장광,6.665,305944.1666666667
1827, 길해연,8.385,387503.625
1828, 벨라 손,7.07,108244.33333333333
1829, 장병관,7.579999999999999,80514.42857142857
1830, 프라파스 콜사라논,NULL,NULL
1831, 켄 정,7.836666666666667,67600.0
1832, 제임스 얼 존스,8.540000000000001,1497750.0
1833, 벤 프라이스,NULL,NULL
1834, 리타 시디퀴,NULL,NULL
1835, 체비 체이스,8.92,19000.0
1836, 멜 깁슨,7.7316666666666665,46401.8
1837, 터커 알브리지,7.8875,352750.0
1838, 니콜 프로보스트,8.3,310000.0
1839, 에즈라 밀러,7.76,2598000.0
1840, 클랜시 브라운,8.108,238598.4
1841, 가스파르 울리엘,7.62,14179.666666666666
1842, 서예지,7.521249999999998,653302.2857142857
1843, 발 킬머,5.975,12334.0
1844, 조예신,7.328,30252.6
1845, 홍익표,NULL,NULL
1846, 유수호,NULL,NULL
1847, 김하연,NULL,NULL
1848, 최성은,8.385,1662500.0
1849, 김태환,NULL,NULL
1850, 오마라 포르투온도,NULL,NULL
1851, 에드워드 노튼,NULL,NULL
1852, 로란트 도이취,8.425999999999998,4109.5
1853, 마이크 보겔,7.827500000000001,112000.0
1854, 구교환,8.397499999999999,1871500.0
1855, 레이첼 맥아담스,8.364,1069792.8333333333
1856, 스즈키 아이나,NULL,NULL
1857, 슝다이린,5.47,23615.0
1858, 마이클 C. 홀,NULL,NULL
1859, 강소라,7.6525,1531497.5
1860, 레일라 분야삭,7.183333333333334,39642.5
1861, 이자벨라 비도빅,8.315,270000.0
1862, 장 피에르 바크리,7.71,9177.0
1863, 류덕환,7.660000000000001,753902.4285714285
1864, 코빈 리드,5.84,47000.0
1865, 태성,NULL,NULL
1866, 최윤영,NULL,NULL
1867, 수잔 서랜든,8.163333333333334,18561.0
1868, 조진웅,7.9239999999999995,908000.0
1869, 장민혁,NULL,NULL
1870, 로몰라 가레이,7.3100000000000005,82708.33333333333
1871, 팜케 얀센,7.213333333333334,11796.0
1872, 권성혁,NULL,NULL
1873, 이영석,NULL,NULL
1874, 나탈리아 레이즈,8.56,2410000.0
1875, 최우식,7.555,2651994.6666666665
1876, 이코 우웨이스,8.226666666666667,1116009.6666666667
1877, 리차드 매든,8.236,955400.0
1878, 크리스티나 헨드릭스,7.453333333333333,1145000.0
1879, 구잘 투르수노바,NULL,NULL
1880, 나문희,8.611428571428572,2394285.714285714
1881, 버나 펠턴,8.780000000000001,NULL
1882, 더스틴 호프만,8.673333333333334,835910.6
1883, 테노크 휴에타,7.605,22887.0
1884, 믹키 섬너,8.35,111948.25
1885, 가인,NULL,NULL
1886, 헤일리 루 리차드슨,8.004,372449.2
1887, 에드 스크레인,7.694000000000001,1085280.5
1888, 존 호키스,8.62,144375.33333333334
1889, 유지원,NULL,NULL
1890, 택연,NULL,NULL
1891, 바하르 파르스,9.06,93000.0
1892, 고서희,8.425,201455.6
1893, 공명,7.970000000000001,3328952.4
1894, 곽희성,4.976666666666667,9317.0
1895, 김보영,7.968333333333334,998857.5
1896, 세바스찬 스탠,8.146666666666667,2800206.0
1897, 코리 스톨,8.166,164158.6
1898, 토타니 키미토,8.4,60000.0
1899, 이종우,NULL,NULL
1900, 제이미 정,7.116666666666666,960493.0
1901, 강계열,9.16,4800000.0
1902, 서영화,7.8425,9472.375
1903, 롭 브라이든,7.078,116347.2
1904, 지오바니 리비시,8.73,6137.0
1905, 주디 그리어,7.32,44540.333333333336
1906, 루비 반힐,7.755,60935.5
1907, 이자벨 까레,NULL,NULL
1908, 이청아,7.768000000000001,1823800.0
1909, 임주환,7.524285714285715,1242857.142857143
1910, 라스 울리히,NULL,NULL
1911, 에디뜨 스꼽,NULL,NULL
1912, 박누가,NULL,NULL
1913, 알란 터딕,8.992857142857142,2985272.5
1914, 에이미 슈머,8.355,73991.25
1915, 미쉘 윌리엄스,NULL,NULL
1916, 오연수,7.092857142857143,2420000.0
1917, 이시이 안나,8.005,38021.5
1918, 비 스크릿 위셋케우,8.88,72000.0
1919, 안소니 홉킨스,8.005,1284166.6666666667
1920, 비올라 데이비스,7.75,767497.6666666666
1921, 히라이즈미 세이,8.675,249001.0
1922, 조지나 헤이그,NULL,NULL
1923, 장기용,8.16,2285397.5
1924, 마크 이바니어,7.330000000000001,52333.333333333336
1925, 이민지,7.0600000000000005,334084.75
1926, 오카무라 아케미,NULL,NULL
1927, 김지혜,NULL,NULL
1928, 장 르노,6.7540000000000004,4136.75
1929, 풍소봉,6.875,11000.0
1930, 강석우,7.57,42000.0
1931, J. 마이클 핀리,9.08,35000.0
1932, 에바 그린,7.5042857142857144,667976.5714285715
1933, 한지민,9.118333333333334,1419833.3333333333
1934, 전지현,7.359999999999999,5733333.333333333
1935, 파브리스 루치니,6.3933333333333335,2991.6666666666665
1936, 로버트 포스터,NULL,NULL
1937, 할리 베리,7.909999999999999,2569500.0
1938, 수지,7.232000000000001,3285000.0
1939, 셜리 맥클레인,8.71,23322.0
1940, 엘다르 바간,NULL,NULL
1941, 타무라 무츠미,NULL,NULL
1942, 노에미 르보브스키,6.58,2946.5
1943, 오노 켄쇼,9.3625,107000.0
1944, 손호준,7.505,391333.3333333333
1945, 시에나 밀러,7.1225,64000.0
1946, 오키아유 료타로,NULL,NULL
1947, 샤니 빈슨,7.6225000000000005,189000.0
1948, 강문,NULL,NULL
1949, 조니 녹스빌,6.7475000000000005,106414.5
1950, 헤더 로클리어,6.95,NULL
1951, 윌리엄 잭슨 하퍼,8.37,95000.0
1952, 전여빈,7.913333333333333,593510.7142857143
1953, 이정구,NULL,NULL
1954, 브느와 마지멜,7.996666666666667,109.0
1955, 쿠스다 아이나,NULL,NULL
1956, 샐리 호킨스,8.765,305666.6666666667
1957, 바크하드 압디라만,9.05,240000.0
1958, 케이트 마라,7.483333333333333,22000.0
1959, 장동건,6.956249999999999,867694.625
1960, 죠 카이리,9.25,170000.0
1961, 로버트 다우니 주니어,8.823333333333332,8870000.0
1962, 사이토 슈스케,8.45,155000.0
1963, 제시 테일러 퍼거슨,7.576666666666667,375000.0
1964, 우치야마 코우키,NULL,NULL
1965, 이종걸,NULL,NULL
1966, 플로리안 데이비드 핏츠,8.63,16685.5
1967, 변종필,NULL,NULL
1968, 강봉성,NULL,NULL
1969, 빌 헤이더,8.125,457000.0
1970, 김성균,8.18142857142857,1427142.857142857
1971, 모리 나나,7.833333333333333,371000.0
1972, 김진홍,NULL,NULL
1973, 지미 펄론,7.69,968216.1666666666
1974, 도미닉 파리,NULL,NULL
1975, 박상면,6.147499999999999,2208032.375
1976, 이지영,NULL,NULL
1977, 케이트 맥키넌,NULL,NULL
1978, 김영선,7.860000000000001,286381.0
1979, 닉 로빈슨,5.736666666666667,33439.5
1980, 전태열,NULL,NULL
1981, 김장,NULL,NULL
1982, 헨리 카빌,7.618333333333333,2150333.3333333335
1983, 찰스 댄스,6.276666666666666,177341.5
1984, 세키네 츠토무,8.39,100000.0
1985, 임서주,NULL,NULL
1986, 이현우,7.816666666666667,3246696.0
1987, 김민규,8.213333333333333,468333.3333333333
1988, 커스틴 던스트,7.523999999999999,126620.25
1989, 이와미 마나카,9.1,39000.0
1990, 스티븐 아멜,6.84,115681.0
1991, 고형원,8.66,13000.0
1992, 패트릭 윌슨,NULL,NULL
1993, 윤학병,NULL,NULL
1994, 공형진,7.435714285714286,1032857.1428571428
1995, 황원,NULL,NULL
1996, 오오쿠치 켄고,8.39,100000.0
1997, 스티브 잔,8.686,694223.0
1998, 헌프리 토페라,NULL,NULL
1999, 이제인,NULL,NULL
2000, 유재명,7.630000000000001,112370.0
2001, 타카스기 마히로,NULL,NULL
2002, 드니 라방,7.919999999999999,3957.6666666666665
2003, 코지마 리리아,8.45,82500.0
2004, 빌 나이,7.875,116637.0
2005, 일리야 크보스티코브,8.34,46000.0
2006, 이경영,7.840000000000001,3434857.1428571427
2007, 정상훈,7.881666666666668,147166.66666666666
2008, 남도형,NULL,NULL
2009, 조나단 리스 마이어스,7.023333333333333,3464.5
2010, 박영남,NULL,NULL
2011, 일라이저 우드,5.543333333333333,41258.666666666664
2012, 박희정,9.02,3453333.3333333335
2013, 크리스 브라운,NULL,NULL
2014, 하석,8.585,55000.0
2015, 스티브 스타놀리스,3.11,NULL
2016, 빌 풀만,7.9,64666.666666666664
2017, 돌프 룬드그렌,9.035,2527500.0
2018, 티라돈 수파펀핀요,7.46,12642.5
2019, 에릭 엘모스니노,8.73,120000.0
2020, 정성화,8.197142857142856,3578571.4285714286
2021, 크리스토프 하덱,NULL,NULL
2022, 로버트 진티,5.526666666666666,NULL
2023, 카와스미 아야코,NULL,NULL
2024, 박상우,7.26,160000.0
2025, 호리카와 료,8.786666666666665,308833.3333333333
2026, 정인기,7.605,718674.8333333334
2027, 최낙윤,NULL,NULL
2028, 서반석,8.23,NULL
2029, 엠마 로버츠,7.208000000000001,16071.4
2030, 엘런 드제너러스,7.796666666666667,2600000.0
2031, 니시무라 마사히코,7.173333333333333,6945.6
2032, 진지희,7.26,1174250.0
2033, 데이브 프랭코,NULL,NULL
2034, 숀 로버츠,NULL,NULL
2035, 라이언 필립,6.242,31031.0
2036, 홍은택,7.933333333333334,958666.6666666666
2037, 아르멘 드지가르크하니안,7.68,13203.0
2038, 폴 홈즈,5.14,NULL
2039, 백도빈,6.855714285714285,743668.5714285715
2040, 이설구,5.464,223850.75
2041, 안토니아 토마스,6.5649999999999995,13622.0
2042, 시몬 압카리언,7.536666666666666,1992.0
2043, 마리아 데 메데이로스,NULL,NULL
2044, 안나 켄드릭,7.182500000000001,68340.25
2045, 조지 클루니,7.793333333333333,60620.666666666664
2046, 김선아,6.7475000000000005,1234625.0
2047, 카케이 토시오,4.58,281.6666666666667
2048, 윌 아넷,8.284,217000.0
2049, 브누와 뽀엘부르드,7.675000000000001,9277.0
2050, 브래드리 휘트포드,8.29857142857143,80725.71428571429
2051, 김용준,NULL,NULL
2052, 엘리자베스 라일,6.78,73000.0
2053, 온주완,6.869999999999998,762609.0
2054, 시마자키 노부나가,NULL,NULL
2055, 빌 스카스가드,7.795999999999999,1099030.5
2056, 강하늘,7.2780000000000005,1568585.8
2057, 마원,7.71,24000.0
2058, 오카다 토키히코,NULL,NULL
2059, 김성령,8.057500000000001,2387857.1428571427
2060, 닉 프로스트,7.572500000000001,342675.0
2061, 케네스 브래너,8.42,1886666.6666666667
2062, 마이클 세라,8.185,12000.0
2063, 누마쿠라 마나미,NULL,NULL
2064, 스티브 호웨이,7.84,69000.0
2065, 빌 세이지,8.48,1373.5
2066, 슈하마 하루미,7.705,10769.5
2067, 제이 코트니,7.547499999999999,596014.0
2068, 제미마 루퍼,6.615,57328.0
2069, 차이나 앤 맥클레인,7.140000000000001,29000.0
2070, 프랑소아 다미앙,7.843333333333334,33647.0
2071, 노자와 마사코,NULL,NULL
2072, 황도원,NULL,NULL
2073, 조안나 럼리,8.173333333333334,311456.5
2074, 몬티 카스티네이라스,6.640000000000001,45780.0
2075, 이노우에 마리나,NULL,NULL
2076, 에프엑스,NULL,NULL
2077, 후리하타 아이,NULL,NULL
2078, 신민아,7.74,549800.0
2079, 피어스 브로스넌,6.619999999999999,778493.0
2080, 클라라,5.745,7579.0
2081, 아예렛 주러,7.375,897956.0
2082, 주디 덴치,7.094000000000001,334678.8
2083, 킴벌리 윌리엄스-페이슬리,8.875,290000.0
2084, 마츠오카 마유,8.138000000000002,35877.6
2085, 공유,8.4925,4153750.0
2086, 니콜레타 브라스키,8.073333333333332,11160.0
2087, 아트 파킨슨,NULL,NULL
2088, 알바 로르와처,8.085,10353.5
2089, 샤론 스톤,7.43,9905.0
2090, 제이미 폭스,8.03,785799.0
2091, 정혜옥,8.724285714285715,225714.2857142857
2092, 코토부키 미나코,NULL,NULL
2093, 신시아 닉슨,7.42,21981.25
2094, 에이미 라이언,8.1175,9379.25
2095, 이봄,NULL,NULL
2096, 미셸 파이퍼,8.175999999999998,1561000.0
2097, 마리오 카사스,7.83,37234.75
2098, 트레이 파커,NULL,NULL
2099, 정소민,NULL,NULL
2100, 윤세웅,8.28875,215950.125
2101, 챈털 로비,8.58,190000.0
2102, 트래비스 핌멜,7.4719999999999995,243910.0
2103, 이용신,NULL,NULL
2104, 박병은,7.325,1742500.0
2105, 시모노 히로,NULL,NULL
2106, 최귀화,7.935,1195000.0
2107, 호리에 유이,NULL,NULL
2108, 스칼릿 조핸슨,9.04,4721333.333333333
2109, 세이모어 번스타인,NULL,NULL
2110, 강예원,7.61125,765060.875
2111, 홍후백,NULL,NULL
2112, 황창영,NULL,NULL
2113, 니노미야 케이타,8.036666666666667,60795.5
2114, 헤더 린드,8.115,37498.0
2115, 오언조,7.2316666666666665,680650.0
2116, 노무현,NULL,NULL
2117, 곽윤상,NULL,NULL
2118, 줄리엣 루이스,7.97,29000.0
2119, 서연주,7.41,NULL
2120, 릴리 프랭키,8.29,46389.0
2121, 제임스 뱃지 데일,6.218000000000001,63755.333333333336
2122, 앰버 허드,7.365,2521075.0
2123, 이광기,6.381428571428572,70045.8
2124, 김성수,6.29875,258624.5
2125, 마크 맥케나,NULL,NULL
2126, 정주원,NULL,NULL
2127, 채시라,8.227142857142857,2489552.0
2128, 크레이그 T. 넬슨,8.138000000000002,578519.5
2129, 라그니 그뢴블롬,NULL,NULL
2130, 제시카 비엘,7.113333333333334,11345.0
2131, 코오로기 사토미,NULL,NULL
2132, 아론 폴,8.583333333333334,5013.333333333333
2133, 코리 호킨스,8.075,965250.0
2134, 구자형,NULL,NULL
2135, 이세영,7.5175,671562.125
2136, 황정민,7.660000000000001,3364000.0
2137, 다코타 존슨,8.44,31042.0
2138, 혼다 츠바사,7.6850000000000005,195162.5
2139, 타이 쉐리던,NULL,NULL
2140, 루퍼트 그린트,7.672,29663.333333333332
2141, 조재현,6.65,848891.0
2142, 지안,7.3420000000000005,77292.2
2143, 강한나,NULL,NULL
2144, 마틴 맥커친,9.24,NULL
2145, 서교,6.188,331834.5
2146, 토머스 보르히 닐슨,NULL,NULL
2147, 이유리,8.68,85000.0
2148, 주진우,NULL,NULL
2149, 조세핀 랭포드,7.404999999999999,42500.0
2150, 잭 오코넬,7.79,27897.25
2151, 이아인,NULL,NULL
2152, 캐서린 터너,7.746666666666666,483333.3333333333
2153, 웨슬리 스나입스,6.650000000000001,75061.5
2154, 베티 길핀,8.584999999999999,33707.5
2155, 채민지,7.55,630000.0
2156, 류승곤,NULL,NULL
2157, 헬레나 본햄 카터,8.794,470250.0
2158, 양동근,NULL,NULL
2159, 김진영,6.7525,3720000.0
2160, 미셸 제너,8.1025,93629.75
2161, 키엘 산체즈,6.676666666666667,330000.0
2162, 김민주,NULL,NULL
2163, 탈리타 베이트먼,7.536,635200.0
2164, 토마스 이안 니콜라스,7.140000000000001,29000.0
2165, 브래드 피트,8.346666666666666,347500.0
2166, 마미 검머,8.190000000000001,17000.0
2167, 크리스틴 우즈,5.635,12000.0
2168, 진의함,NULL,NULL
2169, 필립 세이모어 호프만,8.04875,365802.125
2170, 사카모토 치카,NULL,NULL
2171, 정만식,8.381666666666666,942713.1666666666
2172, 칼 어번,7.067142857142857,1020683.3333333334
2173, 오오하라 메구미,NULL,NULL
2174, 타베 미카코,8.356666666666667,22467.0
2175, 알레산드로 티베리,8.18,180000.0
2176, 카르멘 에조고,7.99625,1268742.75
2177, 로빈 맥레비,7.876666666666666,124359.33333333333
2178, 매튜 맥커너히,8.64,33200.333333333336
2179, 앨버트 브룩스,NULL,NULL
2180, 마누엘 가르시아 룰포,7.413333333333333,362385.6666666667
2181, 케이시 애플렉,8.75,28927.0
2182, 루시 리우,7.236,1332065.3333333333
2183, 심은경,7.7042857142857155,791948.875
2184, 제프리 러쉬,8.093333333333332,1106658.8333333333
2185, 이경준,NULL,NULL
2186, 샬롯 라일리,8.302500000000002,2076666.6666666667
2187, 제레미 슈어레즈,8.459999999999999,170666.66666666666
2188, 샘 엘리어트,8.707500000000001,520434.5
2189, 오드리 토투,7.551666666666666,3942.2
2190, 이파니,NULL,NULL
2191, 미타 원스,3.61,45000.0
2192, 스키트 울리치,3.44,NULL
2193, 조 페시,8.166,63500.0
2194, 매기 그레이스,7.612,442642.0
2195, 테라시마 쥰타,NULL,NULL
2196, 레슬리 존스,NULL,NULL
2197, 조쉬 키튼,8.555,17000.0
2198, 홍수아,4.944999999999999,265306.1666666667
2199, 마키 요코,6.456666666666667,48893.5
2200, 크리스 히친,9.23,36000.0
2201, 키스 스탠필드,7.9175,213781.75
2202, 스기타 토모카즈,NULL,NULL
2203, 김동영,7.701428571428573,1911134.375
2204, 김영광,8.082,1344000.0
2205, 알렉산드르 시엠체브,8.34,46000.0
2206, 한 메구미,7.904000000000001,67569.0
2207, 스테파노 디오니시,7.58,4898.0
2208, 딜란 스프로즈,NULL,NULL
2209, 마이클 쉰,8.222,465200.0
2210, 매츠 랑백카,5.85,19000.0
2211, 리차드 E. 그랜트,8.198333333333332,800279.0
2212, 크리스토퍼 검머러스,6.699999999999999,19000.0
2213, 애니 파츠,8.231428571428571,1310333.3333333333
2214, 이소영,NULL,NULL
2215, 빅터 슬레작,NULL,NULL
2216, 오노 유우키,9.55,64000.0
2217, 타우픽 바롬,8.62,21394.0
2218, 스테파니 스콧,7.279999999999999,124052.33333333333
2219, 게르 두아니,9.55,15000.0
2220, 이천희,7.5725,292883.375
2221, 아이작 햄스터드 라이트,7.669999999999999,39091.333333333336
2222, 송혜교,7.561666666666665,464024.6
2223, 김학철,6.425,52683.25
2224, 잭 레이너,7.993333333333333,31897.5
2225, 원진아,8.415,2585000.0
2226, 제라르 드빠르디유,7.855,12799.666666666666
2227, 제라르딘 제임스,7.595,386047.25
2228, 수잔 클레망,8.85,23000.0
2229, 존 존 브라이언스,9.33,49000.0
2230, 아녜스 바르다,NULL,NULL
2231, 노영주,6.702857142857142,582229.125
2232, 수애,7.532500000000001,1258750.0
2233, 담요문,4.425,NULL
2234, 베키 지,8.11,52333.333333333336
2235, 김정은,7.1,1151666.6666666667
2236, 가브리엘라 와일드,7.666666666666667,407333.3333333333
2237, 드니 포달리데스,8.695,22926.333333333332
2238, 도날드 서덜랜드,6.580000000000001,170943.66666666666
2239, 앨리스 잉글러트,7.7,2470.0
2240, 미모리 스즈코,NULL,NULL
2241, 한효주,6.941428571428571,930341.4285714285
2242, 비티 칼리오,7.38,61000.0
2243, 로라 리니,8.18,153274.66666666666
2244, 김정훈,7.734,NULL
2245, 비비카 A. 폭스,7.34,1500000.0
2246, 코라 켄고,8.263333333333334,72405.0
2247, 마일로 벤티밀리아,7.92,9054.5
2248, 진 핵크만,7.618,23000.0
2249, 마려,NULL,NULL
2250, 데비 허니우드,9.23,36000.0
2251, 마고 마틴데일,8.62,480000.0
2252, 제임스 홍,NULL,NULL
2253, 키티 코코넨,7.38,61000.0
2254, 장-루이 트린티냥,8.253333333333334,20500.0
2255, 라이언 콴튼,7.086666666666667,48978.0
2256, 이케마츠 소스케,6.540000000000001,4235.25
2257, 김창완,7.26375,661000.0
2258, 정은채,7.64375,1848164.625
2259, 코린 네멕,4.336666666666667,NULL
2260, 아리 아비탄,NULL,NULL
2261, 조운,7.074999999999999,1088617.4
2262, 백승영,NULL,NULL
2263, 조쉬 위긴스,8.13,5016.333333333333
2264, 밀리센트 시몬스,8.069999999999999,469000.0
2265, 휴 로리,7.522,344040.0
2266, 카미시라이시 모카,8.24,155000.0
2267, 박민지,7.303333333333334,199998.66666666666
2268, 브랜든 T. 잭슨,7.78,510000.0
2269, 파커 포시,7.115,37382.5
2270, 리즈 위더스푼,9.0775,441726.25
2271, 크리스 오다우드,8.84,226500.0
2272, 안영미,7.6499999999999995,207333.33333333334
2273, 채수빈,7.756666666666667,234948.75
2274, 자인 알 라피아,9.54,140000.0
2275, 후지와라 케이지,NULL,NULL
2276, 조인성,8.05625,3984000.0
2277, 레이첼 르페브르,6.495,289000.0
2278, 리아오 판,7.226666666666667,5128.0
2279, 투레 린드하르트,7.9766666666666675,11434.333333333334
2280, 박희순,8.84,999443.3333333334
2281, 장경부,8.34,18000.0
2282, 이바나 바쿠에로,5.19,NULL
2283, 이호산,NULL,NULL
2284, 세스 맥팔레인,7.866666666666666,431833.3333333333
2285, 신현빈,7.788749999999999,1697125.0
2286, 아키야마 유즈키,7.705,10769.5
2287, 제니퍼 제이슨 리,7.296666666666667,2818.3333333333335
2288, 전노민,7.656666666666665,153479.5
2289, 송지효,7.258571428571428,1396666.6666666667
2290, 하비에르 레이,7.62,90000.0
2291, 장정정,NULL,NULL
2292, 사카모토 이츠키,10.0,18000.0
2293, 김예은,NULL,NULL
2294, 니시카와 슌스케,8.635,65500.0
2295, 후쿠야마 마사하루,7.799999999999999,22867.85714285714
2296, 엘리 세모운,7.925000000000001,56574.25
2297, 에드워드 제임스 올모스,7.86,966409.75
2298, 이아이,6.8149999999999995,325000.0
2299, 아야노 고,7.08,4627.5
2300, 토마스 헤이든 처치,8.346666666666666,122708.66666666667
2301, 야스미나 필라리 보넨,5.66,NULL
2302, 사쿠라 아야네,NULL,NULL
2303, 베론 웰스,5.6499999999999995,NULL
2304, 야마구치 캇페이,NULL,NULL
2305, 톰 히들스턴,8.487142857142858,4553773.571428572
2306, 이수진,NULL,NULL
2307, 켈리 클락슨,NULL,NULL
2308,전지현,7.359999999999999,5733333.333333333
2309, 정유정,NULL,NULL
2310, 켈시 그래머,6.984999999999999,160425.5
2311, 테일러 키니,7.846666666666667,76666.66666666667
2312, 주이 디샤넬,8.78,594250.0
2313, 변현우,NULL,NULL
2314, 조 스완버그,6.285,4930.0
2315, 박재훈,4.778333333333333,435.0
2316, 곽사연,6.79,110000.0
2317, 로버트 숀 레오나드,7.94,NULL
2318, 바네사 허진스,8.431999999999999,115020.0
2319, 카호,6.78,9263.666666666666
2320, 쉐일린 우들리,8.505,89000.0
2321, 콘도 타카유키,NULL,NULL
2322, 이광수,7.803333333333334,1556666.6666666667
2323, 민아,8.85,NULL
2324, 소이현,6.086,453310.25
2325, 아메리카 페레라,8.850000000000001,1500333.3333333333
2326, 유아인,8.078333333333335,2275000.0
2327, 사만다 비,6.6425,24108.333333333332
2328, 슈퍼주니어,NULL,NULL
2329, 애덤 리바인,NULL,NULL
2330, 현빈,7.565714285714286,2754403.4285714286
2331, 마이클 돕슨,7.355,161000.0
2332, 마리 블로쿠스,NULL,NULL
2333, 엄기준,7.82,980000.0
2334, 이재범,NULL,NULL
2335, 안토니오 반데라스,7.76,503668.5
2336, 알리스태어 브래머,9.265,2989500.0
2337, 알렉산드라 마리아 라라,8.715,1020000.0
2338, 콜린 파렐,NULL,NULL
2339, 톰 홀랜드,NULL,NULL
2340, 아오이 유우,7.118,7571.6
2341, 로랑 라피트,8.3275,16118.333333333334
2342, 마커스 스크리브너,8.92,1330000.0
2343, 루시 보인턴,8.648,2340200.0
2344, 아미 카레로,8.73,45000.0
2345, 행크 아자리아,8.075000000000001,473333.3333333333
2346, 엔도 아야,NULL,NULL
2347, 블레이크 스타델,NULL,NULL
2348, 제시 어셔,7.34,750054.0
2349, 손은서,6.542857142857143,237163.0
2350, 리빙빙,6.838333333333334,1274595.4
2351, 윌 스미스,NULL,NULL
2352, 마이클 B. 조던,NULL,NULL
2353, 이준,7.441428571428571,1370047.857142857
2354, 케이트 베킨세일,6.692857142857143,20602.5
2355, 안나 데 라 레구에라,5.055,4774.0
2356, 젠 맥앨리스터,NULL,NULL
2357, 박신희,7.973750000000001,277051.0
2358, 한혜진,6.998571428571428,1309166.6666666667
2359, 헤일리 앳웰,8.908333333333333,4753103.666666667
2360, 최무성,7.626,448885.6
2361, 카야노 아이,NULL,NULL
2362, 야지마 아키코,NULL,NULL
2363, 강성우,NULL,NULL
2364, 쉘리 헨닝,6.035,142000.0
2365, 브리안느 쥬,8.18,500000.0
2366, 이효제,8.3875,2296587.875
2367, 이요원,7.548750000000001,2042000.0
2368, 루이스 맥더겔,8.4,135000.0
2369, 김연아,NULL,NULL
2370, 애디슨 팀린,NULL,NULL
2371, 이순재,8.584999999999999,1091348.1666666667
2372, 민디 캘링,8.55,1865000.0
2373, 카를 크리스티안 룬드만,NULL,NULL
2374, 헉 밀너,9.32,3030000.0
2375, 이상철,8.671666666666667,1513166.6666666667
2376, 이민하,NULL,NULL
2377, 리지 캐플란,8.66,1810000.0
2378, 토리 켈리,NULL,NULL
2379, 에미 로섬,6.874,123519.4
2380, 임백굉,6.475,11405.666666666666
2381, 프루넬 샤를-암브롱,9.17,16000.0
2382, 최민식,8.206666666666667,2060000.0
2383, 유호정,8.3,3769500.0
2384, 데릭 제이코비,8.2125,450586.75
2385, 제시카 랭,8.001999999999999,67026.75
2386, 나카 리이사,7.87,954.0
2387, 린,NULL,NULL
2388, 케이티 페리,NULL,NULL
2389, 고성일,7.725714285714287,23720.333333333332
2390, 이브라힘 페레르,NULL,NULL
2391, 샘 클라플린,7.953999999999999,180405.8
2392, 최원형,NULL,NULL
2393, 최덕희,9.02,39000.0
2394, 제이 바루첼,8.2225,1367458.0
2395, 타부,8.54,26000.0
2396, 송영인,NULL,NULL
2397, 더그 존스,4.376666666666666,500000.0
2398, 골쉬프테 파라하니,8.6775,16902.0
2399, 안나 와게너,8.28,48550.0
2400, 브라이스 달라스 하워드,8.595,1471500.0
2401, 아일라 피셔,6.84,15562.666666666666
2402, 이성열,6.41,130000.0
2403, 트린 디어홈,7.363333333333333,2950.6666666666665
2404, 키트 해링턴,8.08,1272103.6666666667
2405, 이나라,8.3975,528674.75
2406, 조엘리 리차드슨,8.403333333333334,41379.0
2407, 아키야마 리나,8.4,60000.0
2408, 안내상,7.889999999999999,2389102.0
2409, 마이클 케인,NULL,NULL
2410, 오가타 켄이치,NULL,NULL
2411, 이송,6.84,2572500.0
2412, 채드 모건,NULL,NULL
2413, 배성우,8.246,2863370.6666666665
2414, 조아킴 크롤,7.71,25000.0
2415, 레베카 퍼거슨,8.295714285714286,1528285.7142857143
2416, 힐러리 스웽크,8.17,14432.8
2417, 자레드 레토,8.1725,574500.0
2418, 김소진,8.308571428571428,2680103.0
2419, 시마다 빈,NULL,NULL
2420, 브루노 살로몬,8.075,18899.75
2421, 성동일,8.511428571428572,3737142.8571428573
2422, 안홍진,6.022,326992.0
2423, 호 타이 화,5.96,703.5
2424, 페리다 월시-필로,NULL,NULL
2425, 존 허트,7.124,11875.8
2426, 김상경,7.8500000000000005,853634.4285714285
2427, 조이 킹,7.575,NULL
2428, 기네스 팰트로,8.5,5422688.833333333
2429, 스즈키 안,8.246666666666666,5963.666666666667
2430, 쿠니무라 준,7.1975,191510.8
2431, 안재홍,7.899999999999999,756738.1666666666
2432, 알란 커밍,7.8825,27000.0
2433, 벤 멘델슨,8.533333333333333,1467392.5
2434, 브래드 거렛,8.146666666666667,645166.6666666666
2435, 이옥새,9.13,420000.0
2436, 모리카와 아오이,7.765,1393.0
2437, 차승원,7.644285714285714,1712646.75
2438, 톰 크루즈,8.125,2817500.0
2439, 한신,NULL,NULL
2440, 리암 헴스워스,6.689999999999999,393646.5
2441, 케이티 색코프,6.36,200000.0
2442, 뱅상 카셀,7.7875000000000005,971780.0
2443, 제임스 아놀드 테일러,8.39,83500.0
2444, 제이크 웨버,6.233333333333333,141740.5
2445, 나이젤 하버스,8.083333333333334,59000.0
2446, 패트리샤 아퀘트,7.510000000000001,65542.0
2447, 스테파니 시그만,7.3066666666666675,1250190.0
2448, 타케우치 준코,NULL,NULL
2449, 시고니 위버,7.905,55500.0
2450, 이장훈,7.254,1222103.6
2451, 타일러 페리,8.9,97500.0
2452, 김승태,NULL,NULL
2453, 테리 첸,7.178,424762.6
2454, 강신일,8.792,523752.4
2455, 조 판토리아노,7.872,215107.33333333334
2456, 이나가키 고로,7.47,216333.33333333334
2457, 히스 레저,8.3,708822.8571428572
2458, 토빈 벨,5.446666666666666,55462.0
2459, 에밀리 미드,NULL,NULL
2460, 니콜라이 코스터 왈도,7.192,184884.2
2461, 양가휘,7.412000000000001,1958.0
2462, 마야 패리쉬,NULL,NULL
2463, 세바스찬 냅,NULL,NULL
2464, 존 헨쇼,7.6,18000.0
2465, 한채아,5.923333333333333,210139.66666666666
2466, 쿠와시마 호우코,NULL,NULL
2467, 캐서린 헤이글,7.710000000000001,220947.75
2468, 가브리엘 베이트먼,7.809999999999999,220608.0
2469, 빈 디젤,8.772857142857143,4905972.285714285
2470, 윤진서,7.4350000000000005,14198.875
2471, 봉태규,6.293749999999999,348483.5
2472, 양유진,8.06,75000.0
2473, 제이슨 밋첼,NULL,NULL
2474, 심이영,7.778333333333332,194792.83333333334
2475, 크리스티나 리치,6.61,475000.0
2476, 짐 개피건,6.897999999999999,101531.75
2477, 이폴리트 지라르도,7.906666666666666,10512.666666666666
2478, 크레이그 퍼거슨,8.68,1452750.0
2479, 프란시스 바버,8.06,10096.0
2480, 그레이스 검머,8.056000000000001,23914.0
2481, 이승기,7.159999999999999,620000.0
2482, 타카하시 미나미,6.385,140000.0
2483, 왕경송,7.035,12124.5
2484, 세키 토시히코,NULL,NULL
2485, 브렌튼 스웨이츠,8.031666666666665,569476.5714285715
2486, 피터 유스티노프,8.765,32000.0
2487, 존 레귀자모,6.989999999999999,101000.0
2488, 남경읍,7.936000000000002,3885492.0
2489, 코자쿠라 에츠코,NULL,NULL
2490, 박지영,8.293333333333335,714166.6666666666
2491, 앤쥴 리 딕슨,8.71,46000.0
2492, 루이스 블랙,8.79,2595000.0
2493, 에이단 터너,8.386,1227000.0
2494, 조성목,7.72,846000.0
2495, 미셸 윌리엄스,NULL,NULL
2496, 하비에르 보텟,6.797999999999999,119927.2
2497, 세키 토모카즈,NULL,NULL
2498, 마이클 매드슨,NULL,NULL
2499, 돈 치들,8.4525,6355000.0
2500, 프랭크 그릴로,6.458,71876.66666666667
2501, 김장겸,NULL,NULL
2502, 콜린 퍼스,8.55,194615.83333333334
2503, 스테링 할러웨이,8.905000000000001,2916.0
2504, 마크 러팔로,8.968571428571428,5807142.857142857
2505, 박충선,8.161249999999999,902880.375
2506, 조승우,8.27,3465500.0
2507, 필리 그로인,8.0,70500.0
2508, 이모겐 푸츠,7.845,36000.0
2509, 이이다 리호,NULL,NULL
2510, 미야마 카렌,7.623333333333334,172000.0
2511, 킬리언 머피,8.096250000000001,654195.1428571428
2512, 엄태구,8.754,3027635.0
2513, 김대명,7.7128571428571435,2165428.5714285714
2514, 이창환,6.605,119875.0
2515, 카카즈 유미,NULL,NULL
2516, 오스틴 스토웰,7.885,64219.0
2517, 수호,7.8425,169666.66666666666
2518, 오웬 바카로,7.88,210000.0
2519, 타이 심킨스,8.26,6511333.333333333
2520, 조여정,7.220000000000001,3130000.0
2521, 임주현,6.653333333333333,2444733.6666666665
2522, 베네딕트 컴버배치,8.562000000000001,247174.4
2523, 마이클 스털버그,8.878333333333334,1163000.0
2524, 크리스티나 톤테리 영,9.38,6378.0
2525, 디오,8.6675,4088750.0
2526, 문남숙,NULL,NULL
2527, 박주희,NULL,NULL
2528, 막스 폰 시도우,8.13,665140.2
2529, 데인 드한,7.844285714285713,133780.57142857142
2530, 타카토 야스히로,NULL,NULL
2531, 이현주,NULL,NULL
2532, 쵸,NULL,NULL
2533, 타이사 파미가,7.885000000000001,279515.5
2534, 서영희,7.071428571428571,869714.2857142857
2535, 아이카와 리카코,NULL,NULL
2536, 휴 보네빌,8.59,134595.6
2537, 글렌 클로즈,8.290000000000001,587405.4
2538, 다나베 세이치,8.219999999999999,26440.0
2539, 루크 트레더웨이,8.096666666666666,59897.2
2540, 미야자와 리에,8.325,137394.0
2541, 존 보예가,7.548571428571429,840731.7142857143
2542, 장혜진,8.59,1308010.25
2543, 현경수,NULL,NULL
2544, 존 시나,8.522,1278000.0
2545, 전광렬,6.43,54000.0
2546, 페이 더너웨이,6.204,85882.5
2547, 오라 가리도,NULL,NULL
2548, 멜비 푸포,NULL,NULL
2549, 루시오 마우리노,NULL,NULL
2550, 치웨텔 에지오포,8.294,1575500.0
2551, 릭 윤,6.490000000000001,755000.0
2552, 카라타 에리카,6.41,8254.5
2553, 다이안 레인,8.031666666666666,1527989.3333333333
2554, 박영희,9.03,2414.0
2555, 김보나,NULL,NULL
2556, 앤 르 니,NULL,NULL
2557, 조한선,6.186666666666667,54716.166666666664
2558, 비,6.991666666666667,832000.0
2559, 오만석,7.706249999999999,642750.0
2560, 히라노 아야,NULL,NULL
2561, 이토 아오이,8.94,22000.0
2562, 오구리 슌,8.0,359006.0
2563, 이세원,NULL,NULL
2564, 박철민,8.428571428571429,397772.28571428574
2565, 이시아,6.5075,521415.5
2566, 알렉상드르 아스티에,7.4959999999999996,19000.0
2567, 김희선,6.34875,221469.0
2568, 남상미,7.564285714285715,660571.4285714285
2569, 김상호,7.986250000000001,1059348.375
2570, 우마 서먼,7.109999999999999,42712.142857142855
2571, 미치엘 휘즈먼,7.7,40000.0
2572, 데이커 몽고메리,7.635,39289.5
2573, 나탈리아 로스미나티,7.43,99000.0
2574, 케빈 제임스,NULL,NULL
2575, 홍광호,8.705,319500.0
2576, 리처드 E. 그랜트,NULL,NULL
2577, 매기 질렌할,8.223333333333334,139693.33333333334
2578, 마이클 패스벤더,7.345,694103.0
2579, 숀 펜,NULL,NULL
2580, 조지 타케이,7.16,31000.0
2581, 계관림,7.59,58000.0
2582, 강호철,NULL,NULL
2583, 릴리 제임스,8.1975,876000.0
2584, 강수진,NULL,NULL
2585, 치바 유다이,8.855,55804.666666666664
2586, 조셉 고든 레빗,8.128,69474.5
2587, 미즈키 나나,NULL,NULL
2588, 이연걸,7.291666666666667,140883.83333333334
2589, 지나 로드리게즈,8.97,530000.0
2590, 미란다 하트,8.285,1157837.5
2591, 아이비 조지,7.445,97500.0
2592, 타일러 포시,5.933333333333334,156147.0
2593, 앤디 서키스,8.165,1932000.0
2594, 스티븐 랭,5.67,79000.0
2595, 제인 카,8.5375,30000.0
2596, 아리엘 윈터,8.6325,226750.0
2597, 키리야마 렌,4.895,61000.0
2598, 은정,NULL,NULL
2599, 엘로디 퐁탕,7.475,100500.0
2600, 이승준,7.750000000000001,3691588.0
2601, 다이앤 크루거,8.55,5689.5
2602, 애셔 앤젤,7.68,650000.0
2603, 오프라 윈프리,NULL,NULL
2604, 파벨 데레비앙코,9.16,23000.0
2605, 페니 밸포어,7.674000000000001,73000.0
2606, 김영은,NULL,NULL
2607, 야마지 카즈히로,8.922500000000001,151333.33333333334
2608, 윌 펠츠,7.09,117500.0
2609, 제시 아이젠버그,7.867999999999999,486250.0
2610, 틸 슈바이거,5.890000000000001,51519.666666666664
2611, 유준상,8.1325,3608924.0
2612, 보라,NULL,NULL
2613, 루디 린,8.35,1718000.0
2614, 나카가와 타이시,8.656666666666666,16753.0
2615, 클로이 모레츠,7.2212499999999995,199259.57142857142
2616, 조병만,9.16,4800000.0
2617, 이시카와 유이,8.260000000000002,72435.2
2618, 시영준,NULL,NULL
2619, 세스 로건,8.76,2970000.0
2620, 니콜라 펠츠,6.09,3330000.0
2621, 티모시 샬라메,8.062857142857142,359142.85714285716
2622, 임태풍,7.741428571428571,162459.7142857143
2623, 나카이 카즈야,NULL,NULL
2624, 존 올리버,NULL,NULL
2625, 김민진,NULL,NULL
2626, 이진욱,7.781666666666666,2586497.5
2627, 허먼 빙,NULL,NULL
2628, 지혜,NULL,116.0
2629, 최문자,8.241249999999999,267142.85714285716
2630, 브리아 비나이트,8.91,96000.0
2631, 제프리 딘 모건,7.088333333333334,735600.0
2632, 진비우,8.08,32000.0
2633, 카밀 코탄,8.363333333333335,182196.33333333334
2634, 후쿠시 소우타,7.146000000000001,14258.25
2635, 제이슨 베이트먼,8.066666666666668,1570576.6666666667
2636, 마리아 칼라스,NULL,NULL
2637, 토비 켑벨,7.82,68777.2
2638, 엘렌 페이지,NULL,NULL
2639, 캐시디 지포드,6.29,89000.0
2640, 매튜 폭스,7.053333333333334,1197423.8333333333
2641, 윤아,NULL,NULL
2642, 제시카 차스테인,8.236,299781.0
2643, 조연우,7.52,400072.5
2644, 쉐릴린 펜,5.325,28554.0
2645, 바네사 파라디,7.92,15057.5
2646, 가렛 헤드룬드,7.609999999999999,5117.0
2647, 조경이,NULL,NULL
2648, 마틴 헨더슨,8.0825,125500.0
2649, 샬롯 르 본,7.863333333333333,33668.666666666664
2650, 산나 라단,NULL,NULL
2651, 애비 코니쉬,8.579999999999998,558500.0
2652, 이재용,6.7457142857142856,860535.4285714285
2653, 레니 크라비츠,NULL,NULL
2654, 요시네 쿄코,7.29,6043.0
2655, 조디 몰라,6.646666666666666,4664.0
2656, 앨리슨 제니,8.24,138250.0
2657, 벤 반스,NULL,NULL
2658, 스털링 K. 브라운,8.142,3911600.0
2659, 라이스 웨이크필드,6.6625,12284.5
2660, 난디타 다스,NULL,NULL
2661, 스티브 카렐,8.6675,871250.0
2662, 손나은,NULL,NULL
2663, 마이구마 카츠야,NULL,NULL
2664, 사이토 치와,NULL,NULL
2665, 이영은,NULL,NULL
2666, 에밀리 브라우닝,7.51,388959.5
2667, 케빈 클라인,8.459999999999999,1343000.0
2668, 김혁,NULL,NULL
2669, 강명자,8.0,NULL
2670, 조던 로슨,2.26,NULL
2671, 황승언,7.5566666666666675,1436199.0
2672, 캐서린 살레,NULL,NULL
2673, 임지연,7.245,2033591.1666666667
2674, 카키하라 테츠야,NULL,NULL
2675, 마리아노 마르티네즈,3.61,45000.0
2676, 오오하시 아야카,NULL,NULL
2677, 임화영,8.424285714285714,115639.14285714286
2678, 최한,NULL,NULL
2679, 송운화,8.06,155572.0
2680, 브루노 비치어,7.663333333333333,86736.66666666667
2681, 키아누 리브스,7.101999999999999,1113087.75
2682, 아티피치 추티와칸존차이,NULL,NULL
2683, 하성용,5.9,46000.0
2684, 윤유선,7.895714285714285,558733.4285714285
2685, 사라 실버맨,8.89,885000.0
2686, 바비 카나베일,7.853333333333334,1827018.6666666667
2687, 마크 라이런스,8.115,921840.8333333334
2688, 톰 하디,NULL,NULL
2689, 딕 반 다이크,7.9799999999999995,1853333.3333333333
2690, 드웨인 존슨,8.11,1320000.0
2691, 애덤 G. 세바니,8.715,805000.0
2692, 유민,6.252,910871.6
2693, 에이미 아담스,8.222,528805.4
2694, 타네자키 아츠미,NULL,NULL
2695, 찬성,8.272499999999999,2056666.6666666667
2696, 김영재,NULL,NULL
2697, 헤르만 사바도,6.91,26000.0
2698, 최진호,7.21,727204.25
2699, 도로시 앳킨슨,7.36,14000.0
2700, 김규리,NULL,NULL
2701, 치아키,7.894285714285713,163001.85714285713
2702, 윤아영,NULL,NULL
2703, 패튼 오스왈트,8.226666666666667,409333.3333333333
2704, 김태리,8.645,3254543.0
2705, 슈퍼주니어-m,NULL,NULL
2706, 나애진,7.992500000000001,383750.0
2707, 제이본 워너 월튼,NULL,NULL
2708, 이레,8.245714285714286,1947142.857142857
2709, 핀 위트록,9.17,50650.0
2710, 아드리아노 타르디올로,8.75,17000.0
2711, 비니 펜나,7.37,35000.0
2712, 에밀리아 클라크,7.889999999999999,1160000.0
2713, 소지섭,8.096,3512000.0
2714, 전미선,7.777142857142857,985233.2857142857
2715, 이현,NULL,NULL
2716, 안나 파킨,8.6625,1420358.25
2717, 벤 슈와츠,8.72,110000.0
2718, 신하균,7.885714285714286,3510000.0
2719, 아스미 카나,NULL,NULL
2720, 줄리안 맥마혼,6.422,31007.5
2721, 하정우,7.958000000000001,5016000.0
2722, 류현경,7.9642857142857135,232153.7142857143
2723, 줄리 델피,8.705,5257000.0
2724, 살바토레 카스치오,9.63,NULL
2725, 베레니스 베조,7.82,6155.0
2726, 박효주,7.47,1002913.875
2727, 샤뮤스 데이비 핏츠패트릭,7.806666666666666,57560.25
2728, 장석준,NULL,NULL
2729, 스테파냐 카시니,8.845,133.0
2730, 에바 멘데스,7.6659999999999995,38744.25
2731, 레아 세이두,7.984285714285717,465714.28571428574
2732, 제니퍼 러브 휴잇,6.553999999999999,123500.0
2733, 이원종,6.3933333333333335,50959.833333333336
2734, 이선,8.811250000000001,307627.875
2735, 류아벨,8.1825,3059547.0
2736, 박사랑,NULL,NULL
2737, 저스틴 팀버레이크,8.01,187000.0
2738, 하마다 코코네,7.91,74000.0
2739, 피터 세라피노윅,8.478,1180000.0
2740, 다케노우치 유타카,7.5600000000000005,4212.0
2741, 크리스토퍼 파파칼리아티스,8.87,30000.0
2742, 윤용식,NULL,NULL
2743, 김춘희,NULL,NULL
2744, 타카나시 켄고,NULL,NULL
2745, 윤박,6.96,211787.66666666666
2746, 제시 멧칼피,5.272,16382.75
2747, 양조위,6.895,870526.0
2748, T.O.P,7.645,1409666.6666666667
2749, 피터 딘클리지,9.102,2352800.0
2750, 동방신기,NULL,NULL
2751, 로사리오 도슨,8.08,69952.5
2752, 동자건,7.4625,8000.25
2753, 로버트 네이러,6.883333333333334,469190.6666666667
2754, 톰 펠튼,7.596666666666668,19666.666666666668
2755, 알렉산드라 로치,8.355,167405.5
2756, 게리 스트레치,4.736666666666667,254.0
2757, 브리아나 에비건,6.296666666666667,280100.0
2758, 콜 스프로즈,NULL,NULL
2759, 모니아 초크리,NULL,NULL
2760, 에이미 세다리스,8.5325,790250.0
2761, 엘라 퍼넬,8.3,1780000.0
2762, 트레버 드볼,NULL,NULL
2763, 레이븐 애덤슨,NULL,NULL
2764, 오은수,NULL,NULL
2765, 조엘 킨나만,7.2628571428571425,332109.14285714284
2766, 제인 린치,8.55,689333.3333333334
2767, 스테파니 보그트,7.983333333333333,1237666.6666666667
2768, 프랑수아 제르비에 드메종,8.45,31000.0
2769, 카라 헤이워드,8.4975,408750.0
2770, 이솜,8.770000000000001,670166.6666666666
2771, 레인 윌슨,7.760000000000001,316227.6666666667
2772, 변희봉,7.180000000000001,937142.8571428572
2773, 폴 매카트니,NULL,NULL
2774, 이동휘,8.528,2397880.25
2775, 코비 스멀더스,8.057500000000001,4965028.75
2776, 멜라니 로랑,8.57,3023.0
2777, 조한철,8.357142857142858,1844857.142857143
2778, 야마다 유키,8.616666666666665,37837.4
2779, 헤더 고든,NULL,NULL
2780, 오가타 메구미,NULL,NULL
2781, 르네 젤위거,8.816666666666666,306244.6666666667
2782, 이우라 아라타,NULL,259.5
2783, 고지마 후지코,4.75,13225.666666666666
2784, 마츠모토 준,NULL,NULL
2785, 곽지혜,7.638333333333333,388000.0
2786, 오견,6.2075,6302.75
2787, 가보리 시디베,7.585000000000001,4935.25
2788, 데이브 바티스타,7.1725,3866819.0
2789, 플라비오 파렌티,8.135,118000.0
2790, 미란다 오토,7.428333333333334,382431.6666666667
2791, 라이언 슈즈,5.125,89000.0
2792, 우에토 아야,7.3933333333333335,19766.5
2793, 딜런 오브라이언,7.863333333333333,1149532.6666666667
2794, 신송이,NULL,NULL
2795, 라프 스팰,7.782500000000001,1767500.0
2796, 맷 보머,7.630000000000001,472000.0
2797, 심희섭,7.87875,694643.375
2798, 엘예스 가벨,7.764,3902750.0
2799, 데이비드 보트,NULL,NULL
2800, 이미숙,7.423333333333333,1831000.0
2801, 레이크 벨,8.555,616182.5
2802, 노판 찬타라손,NULL,NULL
2803, 톰 테일러,8.235,63000.0
2804, 김승우,6.540000000000001,75333.33333333333
2805, 김원명,NULL,NULL
2806, 와타나베 마리나,8.05,56000.0
2807, 제이알,NULL,NULL
2808, 문유정,NULL,NULL
2809, 제니 슬레이트,8.126666666666667,1689333.3333333333
2810, 아야세 하루카,8.58,68000.0
2811, 도미닉 레인스,6.635,18000.0
2812, 애나벨 월리스,7.4799999999999995,835202.2
2813, 이미자,NULL,NULL
2814, 우상전,7.527142857142858,2895502.0
2815, 김수현,7.072500000000001,7265000.0
2816, 루크 그림즈,7.6240000000000006,329630.25
2817, 주카 닐런드,7.38,61000.0
2818, 진영,8.925,5285000.0
2819, 매디슨 린츠,NULL,NULL
2820, 유가령,6.81,6172.0
2821, 이수경,NULL,NULL
2822, 홍범기,NULL,NULL
2823, 돌리 웰스,7.853333333333333,15243.0
2824, 고아라,8.017500000000002,772500.0
2825, 신주환,NULL,NULL
2826, 김태훈,8.432857142857141,732023.4285714285
2827, 올리비에 구르메,8.273333333333333,5618.333333333333
2828, 장현성,7.871666666666666,965556.5
2829, 젠데이아 콜먼,8.736,2253800.0
2830, 조쉬 허처슨,7.823333333333333,290000.0
2831, 조태환,NULL,NULL
2832, 강시현,NULL,NULL
2833, 엠마 톰슨,8.021666666666667,787833.3333333334
2834, 정재우,NULL,NULL
2835, 알랭 샤바,7.851666666666667,118147.0
2836, 오마 사이,6.5175,15866.75
2837, 아뉴린 바나드,8.83,1412500.0
2838, 타테이시 하루카,NULL,NULL
2839, 에도아도 가브리엘리니,8.09,56000.0
2840, 손정아,NULL,NULL
2841, 난바 쇼헤이,NULL,NULL
2842, 맥켄지 포이,NULL,NULL
2843, 미아 와시코브스카,7.9275,174075.33333333334
2844, 짐 브로드벤트,8.0,396683.4
2845, 존 갤러거 주니어,7.6225000000000005,52907.5
2846, 니콜 키드먼,8.208333333333332,765032.2857142857
2847, 샤를로뜨 갱스부르,8.465,2570.5
2848, 장경희,NULL,NULL
2849, 이종석,7.371428571428572,2243285.714285714
2850, 최승훈,8.316666666666666,2286666.6666666665
2851, 송보은,6.275999999999999,102200.0
2852, 존 C. 라일리,8.680000000000001,1290432.25
2853, 조나단 실버맨,2.0,28000.0
2854, 제임스 벨루시,7.99,22000.0
2855, 김채하,NULL,NULL
2856, 에릭 바나,8.0375,171250.0
2857, 플로렌스 퓨,8.65,1049000.0
2858, 브루클린 프린스,8.603333333333333,98000.0
2859, 이호재,6.969999999999999,2057405.2
2860, 홍진욱,NULL,NULL
2861, 피터 퍼스,8.291666666666666,105500.0
2862, 데미 로바토,8.61,420000.0
2863, 조성우,8.37,4162.0
2864, 다니엘 제롤,7.2925,1406775.3333333333
2865, 임형국,6.960000000000001,1708772.8
2866, 엘리 켐퍼,8.705,1107500.0
2867, 켈리 라일리,7.34,48553.5
2868, 김연우,NULL,NULL
2869, 누리아 트리폴,NULL,NULL
2870, 헤더 소서맨,5.37,210000.0
2871, 시모네 라비브,8.63,38000.0
2872, 하연수,7.5600000000000005,974500.0
2873, 앨리스 이브,7.0920000000000005,66013.0
2874, 랜스 임,8.2,795500.0
2875, 소피아 부텔라,7.492,1264500.0
2876, 한수아,9.07,2956.0
2877, 리브 타일러,NULL,NULL
2878, 안나소피아 롭,7.225,27012.333333333332
2879, 클락 그레그,7.3975,1967088.6666666667
2880, 마루야마 아츠시,8.39,100000.0
2881, 콘스탄스 우,7.7,97000.0
2882, 조 크라비츠,8.695,822000.0
2883, 루카스 헤지스,8.547999999999998,47857.666666666664
2884, 아이작 레이바,NULL,NULL
2885, 메이건 파크,7.6375,41278.75
2886, 김다미,8.423333333333334,1660000.0
2887,류승범,7.462857142857142,2489571.4285714286
2888, 박리나,8.731250000000001,160375.0
2889, 셀리아 아임리,8.24,274012.0
2890, 신지뢰,6.5,39595.5
2891, 여진구,7.7837499999999995,1935744.5
2892, 에이미 사빌레,8.38,23000.0
2893, 진,NULL,NULL
2894, 데이빗 오예로워,6.836666666666667,51701.333333333336
2895, 매디슨 아이스먼,7.739999999999999,653356.0
2896, 류승범,7.462857142857142,2489571.4285714286
2897, 윤미나,8.063333333333334,178333.33333333334
2898, 티에리 프레몽,7.9325,25102.666666666668
2899, 피오나 고든,7.863333333333333,13002.0
2900, 조안,7.937142857142858,460244.5714285714
2901, 라이언 고슬링,7.375714285714286,869500.0
2902, 존 말코비치,5.1850000000000005,14011.0
2903, 테오 제임스,8.020000000000001,16000.0
2904, 알렉산드라 다드다리오,6.351666666666667,6292.2
2905, 이시다 타쿠야,6.76,159.0
2906, 유리 로웬탈,7.471666666666667,537068.3333333334
2907, 전후석,NULL,NULL
2908, 지미애,NULL,NULL
2909, 레드벨벳,NULL,NULL
2910, 케빈 스페이시,7.6819999999999995,176305.4
2911, 마이클 K. 윌리엄즈,7.43,182301.8
2912, 스기야마 노리아키,NULL,NULL
2913, 블라디미르 티기쵸브,8.34,46000.0
2914, 랍 코드리,8.195,2298.0
2915, 이노우에 마사히로,8.4,60000.0
2916, 맥케나 그레이스,7.784000000000001,1265200.0
2917, 전수경,7.202499999999999,668576.5
2918, EXO,NULL,NULL
2919, 토마스 제인,5.534000000000001,6330.333333333333
2920, 레이 피셔,7.53,2015000.0
2921, 에드리언 보쳇,6.336666666666666,206533.5
2922, 미야자키 아오이,8.692000000000002,69400.0
2923, 조지스 게레,8.12,NULL
2924, 바바 료마,NULL,NULL
2925, 최강희,8.398571428571428,918714.2857142857
2926, 송유담,NULL,NULL
2927, 사토 사토미,NULL,NULL
2928, 이오인 맥큰,7.445,270682.3333333333
2929, 아담 드바인,7.830000000000001,239666.66666666666
2930, 캐시디 프리먼,6.25,4774.0
2931, 안도 사쿠라,8.925,87907.5
2932, 랜디 커투어,5.7225,57934.666666666664
2933, 타이라 아이리,5.7825,80816.0
2934, 테이텀 오닐,8.176666666666668,54000.0
2935, 김옥경,NULL,NULL
2936, 스티븐 연,8.206666666666667,340557.0
2937, 미야노 마모루,NULL,NULL
2938, 송강호,8.166,6560000.0
2939, 허준호,7.9575000000000005,2086250.0
2940, 타라지 P. 헨슨,9.165,1095000.0
2941, 진백림,7.1575,24301.333333333332
2942, 토니 콜렛,7.723333333333333,417500.0
2943, 한경화,NULL,NULL
2944, 유즈키 료카,6.876666666666666,147964.33333333334
2945, 김남길,8.001999999999999,1126000.0
2946, 파드마 앙뚜,NULL,NULL
2947, 피터 파시넬리,5.926666666666667,73000.0
2948, 이민기,7.408571428571428,1701428.5714285714
2949, 장 위그 앙글라드,7.985,9904.5
2950, 루시 헤일,8.205,157860.0
2951, 고원희,7.788333333333333,266522.6666666667
2952, 존 레논,NULL,NULL
2953, 정재호,NULL,NULL
2954, 존 보이트,NULL,NULL
2955, 타라 스트롱,8.495000000000001,678675.25
2956, 차성덕,NULL,NULL
2957, 존 캐럴 린치,8.373333333333333,26666.666666666668
2958, 유인영,7.636666666666667,2351994.6666666665
2959, 마이클 오우수,NULL,NULL
2960, 제임스 헷필드,NULL,NULL
2961, 릴리 라인하트,8.016666666666666,17675.25
2962, 알렉세이 프란데티,8.34,46000.0
2963, 머라이어 캐리,NULL,NULL
2964, 존 라이스 데이비스,8.67,1776713.3333333333
2965, 안셀 엘고트,6.5225,312333.3333333333
2966, 양익준,8.565000000000001,128480.25
2967, 김혜자,8.97,1099333.3333333333
2968, 엘리자베스 데비키,8.77,2000000.0
2969, 줄리 보웬,7.47,181000.0
2970, 가브리엘 루나,8.52,1209260.5
2971, 레이몬드 오초아,8.58,840000.0
2972, 앨리 리버트,NULL,NULL
2973, 로빈 윌리엄스,8.104999999999999,205294.16666666666
2974, 비비안 마이어,NULL,NULL
2975, 조니 웨스턴,7.666666666666668,447101.8333333333
2976, 에릭 스톤스트릿,7.785,909234.0
2977, 오오츠카 아키오,8.045,66928.0
2978, 곽규미,NULL,NULL
2979, 손종환,NULL,NULL
2980, 크리스토퍼 리,7.954999999999999,1337590.6666666667
2981, 로스 마퀀드,6.69,29000.0
2982, 알렉산드르 렌코브,8.715,46000.0
2983, 프란시스 오코너,7.715,965305.5
2984, 캐리 피셔,7.146666666666667,810754.1666666666
2985, 브라이언 콕스,NULL,NULL
2986, 오은주,9.42,NULL
2987, 알렉스 로,6.23,52666.666666666664
2988, 스기사키 하나,8.185,2137.0
2989, 이현학,NULL,NULL
2990, 팜 페리스,NULL,NULL
2991, 김휘,9.39,29000.0
2992, 히로세 스즈,7.516,6877.4
2993, 전소니,7.786666666666666,95207.0
2994, J. B. 스무브,7.85,920000.0
2995, 한인숙,NULL,NULL
2996, 김민재,7.703333333333333,1440000.0
2997, 헤이든 롤렌스,8.61,2600000.0
2998, 표영재,8.688571428571429,84666.66666666667
2999, 아담 드라이버,7.789999999999999,107006.33333333333
3000, 에린 피츠제럴드,6.346666666666667,154000.0
3001, 이지원,NULL,NULL
3002, 이태임,NULL,NULL
3003, 제시카 알바,7.475,316500.0
3004, 로빈 라이트,8.120000000000001,735699.5714285715
3005, 발레리 파흐너,8.06,50000.0
3006, 잭 휴스턴,8.146666666666667,482909.6666666667
3007, 소녀시대,NULL,NULL
3008, 윌.아이.엠,NULL,NULL
3009, 해리 스타일스,8.61,2800000.0
3010, 알리슨 브리,8.191999999999998,61530.75
3011, 아비게일 브레스린,7.91,76500.0
3012, 산드라 엘리스 라퍼티,NULL,NULL
3013, 나오미 왓츠,8.342500000000001,48400.25
3014, 마르코 레오나르디,8.27,37661.0
3015, 이토 시즈카,NULL,NULL
3016, 시손 쥰,8.62,280.0
3017, 브라이언 크랜스톤,8.365,50666.666666666664
3018, 소피아 베르가라,6.728333333333334,37735.666666666664
3019, 빌 팩스톤,6.888000000000001,965805.6
3020, 한채언,NULL,NULL
3021, 친란,8.58,8722.0
3022, 오오이즈미 요,7.246,33399.666666666664
3023, 매디슨 울프,8.346666666666668,720666.6666666666
3024, 케리 워싱턴,8.044,191977.25
3025, 미키 데자키,NULL,NULL
3026, 루퍼트 에반스,6.298,43445.25
3027, 테라지마 시노부,7.99,6494.5
3028, 마이크 타이슨,6.0275,53500.0
3029, 치바 스스무,NULL,NULL
3030, 반 시게루,NULL,NULL
3031, 타케우치 료마,6.01,11899.5
3032, 헬렌 벤상,NULL,NULL
3033, 크리스토퍼 민츠 프래지,8.378333333333336,1042139.2
3034, 박고운,7.16,900.0
3035, 준호,7.428333333333332,2008000.0
3036, 로렌 코핸,7.43,596459.0
3037, 유우키 아오이,NULL,NULL
3038, 주상욱,6.1674999999999995,994285.7142857143
3039, 이재인,7.9719999999999995,1627340.8
3040, 셀레나 고메즈,7.305,693250.0
3041, 신은수,NULL,NULL
3042, 타티아나 마슬라니,7.408000000000001,38011.75
3043, 이민우,7.239999999999999,54000.0
3044, 나탈리아 루다코바,7.59,930000.0
3045, 존 트라볼타,5.43,247.0
3046, 래닉 가우트리,NULL,NULL
3047, 스즈키 료헤이,8.875,113500.0
3048, 레베카 홀,6.910000000000001,160975.0
3049, 김하나,8.459999999999999,1759564.25
3050, 제이마 메이스,7.345,585837.75
3051, 성유리,NULL,NULL
3052, K.J. 아파,9.42,94000.0
3053, 안나 페리스,7.550000000000001,284078.0
3054, 대니 맥브라이드,NULL,NULL
3055, 이토 아야사,NULL,NULL
3056, 한예리,7.61,641428.5714285715
3057, 프란카 포텐테,7.12,483817.75
3058, 한고은,6.336666666666666,771000.0
3059, 로버트 레드포드,8.41,2357194.6666666665
3060, 정미숙,7.571428571428571,1459200.0
3061, 유선,8.49,1330329.375
3062, 나카지마 켄토,7.4350000000000005,3472.0
3063, 앨리슨 윌리암스,6.789999999999999,1072359.0
3064, 조셉 마젤로,7.956,4100000.0
3065, 와타나베 슈,NULL,NULL
3066, 홍 차우,6.27,75141.0
3067, 박신혜,8.15125,3010428.5714285714
3068, 여민정,NULL,NULL
3069, 마리안느 세이지브레트,7.1625000000000005,NULL
3070, 파비앙 에로,8.53,33000.0
3071, 임수정,8.218333333333334,1009833.1666666666
3072, 추티몬 추엥차로엔수키잉,8.76,18000.0
3073, 심혜진,7.22375,175781.16666666666
3074, 허준석,8.203999999999999,3474196.6666666665
3075, 사라 가돈,7.359999999999999,3278.3333333333335
3076, 헤일리 오랜티아,9.56,39000.0
3077, 숀 빈,7.146666666666666,1877.5
3078, 미와,NULL,NULL
3079, 체마 델 바르코,9.0,NULL
3080, 하운위,7.71,24000.0
3081, 오경,6.2075,6302.75
3082, 해리 로이드,8.201999999999998,91527.4
3083, 아나 디 아르마스,7.866666666666667,514825.0
3084, 박건우,6.583333333333333,417500.0
3085, 릭 스프링필드,8.08,17000.0
3086, 조승연,7.99,2586742.375
3087, 박태산,7.498571428571428,2100777.4285714286
3088, 이선균,7.631666666666668,2243333.3333333335
3089, 이자벨라 미코,6.7,1069789.3333333333
3090, 이선주,7.6225000000000005,34815.75
3091, 토다 케이코,6.14,2052.0
3092, 톰 베이트먼,NULL,NULL
3093, 나미카와 다이스케,NULL,NULL
3094, 김새해,8.700000000000001,94428.57142857143
3095, 브라이언 타이리 헨리,7.6675,1120250.0
3096, 미키 루니,7.375,389498.3333333333
3097, 니브 캠벨,7.255000000000001,523500.0
3098, 휴 스키너,7.859999999999999,1149532.0
3099, 박요한,NULL,NULL
3100, 제이미 벨,NULL,NULL
3101, 안드레아 오스바트,5.696,22358.5
3102, 엄상현,NULL,NULL
3103, 이선호,7.296666666666667,39466.0
3104, 브래들리 제임스,6.1,72000.0
3105, 최정원,6.581666666666667,628983.0
