,name,director1.0_a_avg,director1.0_r_avg
0,극한직업,0.0,0.0
1,어벤져스: 엔드게임,7131333.333333333,7.682166666666667
2,겨울왕국 2,8351666.666666666,8.867083333333333
3,기생충,3504139.8571428573,8.151428571428571
4,엑시트,4712081.0,8.68
5,스파이더맨: 파 프롬 홈,5090527.0,8.91
6,캡틴 마블,5800000.0,8.165
7,조커,1471500.0,8.04
8,봉오동 전투,2363333.333333333,7.881666666666667
9,나쁜 녀석들: 더 무비,1946666.6666666667,7.183333333333334
10,82년생 김지영,1012.0,7.05
11,분노의 질주: 홉스&쇼,1283598.7142857143,7.825
12,토이 스토리 4,3130000.0,9.203333333333331
13,악인전,1368333.3333333333,7.895
14,가장 보통의 연애,0.0,0.0
15,말모이,0.0,0.0
16,시동,1250202.8333333333,7.993333333333335
17,블랙머니,598.5,4.62
18,터미네이터: 다크 페이트,1864000.0,8.208333333333334
19,사바하,4276000.0,8.106
20,타짜: 원 아이드 잭,1167500.0,7.609999999999999
21,신의 한 수: 귀수편,1075099.5,8.69
22,알리타: 배틀 엔젤,419158.2,7.738000000000001
23,내안의 그놈,591484.7142857143,7.6
24,뺑반,0.0,0.0
25,변신,0.0,0.0
26,주먹왕 랄프 2: 인터넷 속으로,2453333.333333333,9.213333333333331
27,걸캅스,820680.7142857143,8.277142857142858
28,아쿠아맨,960142.8571428572,7.881428571428572
29,드래곤 길들이기 3,2360000.0,9.0875
30,나의 특별한 형제,702000.0,6.937142857142858
31,어스,1768.5,7.925
32,말레피센트 2,1482742.1666666667,7.925833333333333
33,유열의 음악앨범,444979.1428571429,7.827142857142858
34,퍼펙트맨,64000.0,6.45
35,포드 V 페라리,1431000.0,8.456666666666665
36,"힘을 내요, 미스터 리",1778465.8333333333,8.433333333333332
37,항거:유관순 이야기,473540.5,7.377499999999999
38,장사리 : 잊혀진 영웅들,1598963.9166666665,7.68452380952381
39,마이펫의 이중생활 2,0.0,0.0
40,롱 리브 더 킹: 목포 영웅,3985000.0,7.327500000000001
41,쥬만지: 넥스트 레벨,1380000.0,7.566666666666667
42,존 윅 3: 파라벨룸,0.0,0.0
43,천문: 하늘에 묻는다,1718000.0,7.228333333333334
44,나랏말싸미,0.0,0.0
45,엑스맨: 다크 피닉스,0.0,0.0
46,맨 인 블랙: 인터내셔널,896266.8333333334,8.075714285714286
47,뽀로로 극장판 보물섬 대모험,530000.0,6.904999999999999
48,캣츠,12000.0,9.16
49,보헤미안 랩소디,4132000.0,8.075714285714286
50,명탐정 피카츄,858000.0,7.51
51,신비아파트 극장판 하늘도깨비 대 요르문간드,1475000.0,8.620000000000001
52,나이브스 아웃,481622.4,6.0325
53,샤잠!,1230000.0,7.66
54,날씨의 아이,778151.0,8.440000000000001
55,나를 찾아줘,629083.8333333333,8.395
56,광대들: 풍문조작단,0.0,0.0
57,그것: 두 번째 이야기,520333.3333333333,7.739999999999999
58,극장판 헬로카봇 : 달나라를 구해줘!,612500.0,8.790000000000001
59,극장판 헬로카봇: 옴파로스 섬의 비밀,612500.0,8.790000000000001
60,이스케이프 룸,0.0,0.0
61,양자물리학,498200.0,7.016
62,애드 아스트라,93564.71428571428,7.965714285714286
63,47미터 2,371333.3333333333,6.619999999999999
64,PMC: 더 벙커,3716394.5,7.4123333333333346
65,애나벨 집으로,0.0,0.0
66,감쪽같은 그녀,685000.0,7.692499999999999
67,글래스,370000.0,8.3325
68,그린 북,315000.0,7.886666666666667
69,해피 데스데이 2 유,379708.2,7.595999999999999
70,극장판 공룡메카드: 타이니소어의 섬,511250.0,8.98
71,제미니 맨,0.0,0.0
72,고질라: 킹 오브 몬스터,1660000.0,7.8725
73,덤보,0.0,7.88111111111111
74,브링 더 소울 : 더 무비,965.25,8.74
75,아담스 패밀리,998514.2857142858,7.981
76,헬보이,0.0,0.0
77,천로역정: 천국을 찾아서,0.0,0.0
78,미성년,3621428.5714285714,8.674285714285714
79,배심원들,1510000.0,8.7
80,기방도령,0.0,0.0
81,신데렐라:마법 반지의 비밀,280000.0,7.795
82,원스 어폰 어 타임... 인 할리우드,220000.0,8.466666666666667
83,기묘한 가족,0.0,0.0
84,악질경찰,192.0,0.0
85,메리 포핀스 리턴즈,1004000.0,7.535
86,명탐정 코난: 감청의 권,220000.0,8.11
87,스윙키즈,0.0,0.0
88,커런트 워,210000.0,8.11
89,어린 의뢰인,838000.0,7.901250000000001
90,"안녕, 티라노: 영원히, 함께",410000.0,8.765
91,요로나의 저주,495000.0,7.935
92,롱 샷,493333.3333333333,8.583333333333334
93,우상,0.0,0.0
94,엔젤 해즈 폴른,136036.75,8.102
95,두번할까요,338282.8,6.3637500000000005
96,점박이 한반도의 공룡2 : 새로운 낙원,0.0,0.0
97,자전차왕 엄복동,199333.3333333333,6.6
98,진범,445734.5,7.317142857142857
99,더 페이버릿: 여왕의 여자,70933.5,8.175
100,이웃집 토토로,32582.0,8.001666666666667
101,가버나움,37118.5,8.653333333333334
102,눈의 여왕4,393333.3333333333,8.13
103,크롤,0.0,0.0
104,극장판 엉덩이 탐정: 화려한 사건 수첩,0.0,0.0
105,해리포터와 비밀의 방,856000.0,8.163333333333334
106,0.0MHz,419333.3333333333,7.146666666666667
107,좀비랜드: 더블 탭,1028777.0,8.5375
108,미드웨이,0.0,5.055
109,프린스 코기,570714.2857142857,8.748571428571429
110,윤희에게,0.0,0.0
111,명탐정 코난:전율의 악보,191857.14285714287,8.218571428571426
112,교회오빠,22000.0,8.66
113,암전,164.66666666666666,6.0
114,미래의 미라이,159000.0,8.353333333333333
115,람보 : 라스트 워,131359.26666666666,7.835
116,공포의 묘지,0.0,0.0
117,원더랜드,17000.0,5.89
118,크게 될 놈,1590000.0,7.841428571428572
119,콜드 체이싱,100000.0,7.32
120,라스트 미션,1266000.0,7.647999999999999
121,파이브 피트,0.0,0.0
122,소피와 드래곤: 마법책의 비밀,97000.0,5.75
123,러브 앳,50889.5,8.61
124,아내를 죽였다,0.0,0.0
125,구스 베이비,0.0,0.0
126,더 보이,9288.0,7.6
127,레고 무비2,1609714.2857142857,8.564285714285713
128,미드소마,138000.0,7.78
129,그대 이름은 장미,0.0,0.0
130,스파이더맨: 뉴 유니버스,810000.0,9.3225
131,"어쩌다, 결혼",918527.0,8.08
132,극장판 짱구는 못말려: 아뵤! 쿵후 보이즈 ~라면 대란~,167500.0,8.3625
133,호텔 뭄바이,0.0,0.0
134,카운트다운,73000.0,6.78
135,극장판 반지의 비밀일기,0.0,0.0
136,그린치,1068000.0,8.708000000000002
137,몬스터 하우스,240250.0,7.925000000000001
138,닥터 슬립,168500.0,7.6425
139,1919 유관순,0.0,0.0
140,안녕 베일리,61000.0,9.2
141,사탄의 인형,0.0,5.08
142,애프터,0.0,0.0
143,왓칭,55000.0,8.12
144,사일런스,53702.0,7.3
145,빅샤크2: 해저2만리,0.0,0.0
146,마약왕,3013333.333333333,8.110000000000001
147,세상을 바꾼 변호인,50000.0,8.222000000000001
148,슈퍼미니 2,70500.0,7.865
149,페이트 스테이 나이트 헤븐즈필 제2장 로스트 버터플라이,59666.66666666666,9.336666666666666
150,업사이드,221000.0,8.162857142857144
151,빅트립: 아기팬더 배달 대모험,24804.0,7.62
152,마담 싸이코,69333.33333333333,8.1
153,쿠르스크,17095.6,7.630000000000001
154,파비안느에 관한 진실,60928.333333333336,8.276666666666666
155,칠곡 가시나들,39624.833333333336,8.69
156,일일시호일,42000.0,8.91
157,더 와이프,42000.0,8.6
158,주전장,40000.0,9.67
159,메기,0.0,0.0
160,프란치스코 교황 : 맨 오브 히스 워드,13821.5,7.812500000000001
161,인생 후르츠,71000.0,9.17
162,드래곤볼 슈퍼: 브로리,64500.0,9.25
163,아이리시맨,53702.0,7.3
164,서스페리아,11142.333333333334,6.026666666666667
165,100일 동안 100가지로 100퍼센트 행복찾기,16685.5,8.63
166,너를 만난 여름,0.0,0.0
167,썬키스 패밀리,0.0,0.0
168,누구나 아는 비밀,0.0,0.0
169,더 길티,367666.6666666667,8.196666666666667
170,신밧드와 마법 양탄자,54666.66666666666,8.090000000000002
171,왕이 될 아이,941000.0,8.2225
172,대통령의 7시간,0.0,0.0
173,마리아 칼라스: 세기의 디바,28000.0,8.76
174,리틀 포니 프린세스,14100.0,3.75
175,내 완벽한 남사친의 비밀,28000.0,8.16
176,러브라이브! 선샤인!! 더 스쿨 아이돌 무비 오버 더 레인보우,0.0,0.0
177,판소리 복서,5490.0,7.672
178,굿 라이어,1832086.3333333333,8.515
179,크리스마스 호러 스토리,0.0,0.0
180,블라인드 멜로디,26000.0,8.54
181,전원사형,0.0,0.0
182,"미안해요, 리키",41250.0,8.6775
183,정글북: 마법 원정대,25000.0,7.97
184,칠드런 액트,38918.925,7.407500000000001
185,극장판 포켓몬스터 모두의 이야기,0.0,0.0
186,모험왕 블링키,277500.0,7.902499999999999
187,추격자: 살인자의 증거,24000.0,0.0
188,명탐정 코난 : 제로의 집행인,0.0,0.0
189,얼굴없는 보스,241840.3333333333,6.101666666666668
190,노무현과 바보들,0.0,0.0
191,여대생 기숙사에서 생긴 일,51000.0,6.32
192,이타미 준의 바다,0.0,0.0
193,트레킹: 저주의 숲,0.0,0.0
194,철벽선생,82390.57142857143,8.25
195,숲속의 마녀들,22000.0,6.06
196,숲속왕국의 꿀벌 여왕,0.0,0.0
197,드래곤 길들이기,2360000.0,9.0875
198,판의 미로 - 오필리아와 세 개의 열쇠,1398750.0,7.762499999999999
199,잃어버린 세계를 찾아서,0.0,0.0
200,미드 90,352800.0,8.596
201,결혼 이야기,0.0,0.0
202,미스 스티븐스,20000.0,7.19
203,나의 히어로 아카데미아 더 무비: 두 명의 히어로,0.0,0.0
204,더 킹: 헨리 5세,10139.5,7.386666666666667
205,지구공룡대탐험,0.0,0.0
206,뱅드림! 필름 라이브,0.0,0.0
207,사이몬과 타카시,18000.0,10.0
208,어제 일은 모두 괜찮아,68500.0,7.4425
209,마담 프루스트의 비밀정원,31272.625,8.219999999999999
210,유랑지구,18000.0,7.17
211,프렌즈: 둥지탈출,283265.6666666667,6.756666666666667
212,크리미널 체이스,0.0,0.0
213,"고흐, 영원의 문에서",33000.0,8.51
214,두 교황,9573.25,8.986666666666666
215,킹 오브 프리즘 -샤이니 세븐 스타즈-,42345.5,8.6475
216,마왕의 딸 이리샤,32775.75,8.19
217,행복한 라짜로,17000.0,8.75
218,라라와 움직이는 비밀의 숲,20650.25,6.5200000000000005
219,아픈 만큼 사랑한다,516750.0,7.814999999999999
220,극장판 샤이닝스타:새로운 루나퀸의 탄생!,0.0,0.0
221,이케아 옷장에서 시작된 특별난 여행,10678.0,8.82
222,파리의 딜릴리,23978.25,8.821666666666667
223,쉘부르의 우산,1300.75,7.405
224,헤로니모,0.0,0.0
225,극장판 타오르지마 버스터-블랙어썰트의 귀환,15000.0,8.995000000000001
226,크리드2,129255.2,7.380000000000001
227,프렌드 존,8522.5,8.235
228,아사코,4009.285714285714,8.52
229,수영장으로 간 남자들,9920.0,8.78
230,시민 노무현,10987.4,8.78
231,뷰티풀 보이,8626.0,8.51
232,양지의 그녀,36914.16666666666,8.645
233,신과함께-인과 연,6388714.285714285,8.206142857142858
234,어벤져스: 인피니티 워,7131333.333333333,7.682166666666667
235,보헤미안 랩소디,4132000.0,8.075714285714286
236,미션 임파서블: 폴아웃,5270000.0,8.547500000000001
237,신과함께-죄와 벌,6388714.285714285,8.206142857142858
238,쥬라기 월드: 폴른 킹덤,1308032.6,8.41
239,앤트맨과 와스프,2472500.0,8.321666666666667
240,안시성,1835129.25,7.945
241,블랙 팬서,1802887.6666666667,8.693333333333333
242,완벽한 타인,0.0,0.0
243,1987,3342278.7619047617,8.299333333333333
244,독전,1445714.2857142857,7.712857142857144
245,공작,3579285.714285714,8.05857142857143
246,베놈,0.0,6.630000000000001
247,암수살인,3621428.5714285714,8.674285714285714
248,데드풀 2,1283598.7142857143,7.825
249,국가부도의 날,1513333.3333333333,8.393333333333333
250,아쿠아맨,960142.8571428572,7.881428571428572
251,그것만이 내 세상,0.0,0.0
252,마녀,0.0,4.79
253,탐정: 리턴즈,1530000.0,7.6571428571428575
254,인크레더블 2,2540000.0,8.941666666666666
255,지금 만나러 갑니다,1655000.0,8.72
256,목격자,1056721.6666666667,6.926666666666667
257,조선명탐정: 흡혈괴마의 비밀,2972500.0,8.067499999999999
258,신비한 동물들과 그린델왈드의 범죄,3038000.0,8.338
259,메이즈 러너: 데스 큐어,2613333.333333333,8.296666666666667
260,맘마미아!2,806666.6666666666,8.68
261,명당,1470000.0,7.13
262,협상,5224200.0,8.462
263,마약왕,3013333.333333333,8.110000000000001
264,쥬만지: 새로운 세계,1380000.0,7.566666666666667
265,창궐,2857500.0,6.954000000000001
266,성난황소,0.0,0.0
267,리틀 포레스트,609686.0,8.702857142857143
268,골든슬럼버,347686.5,7.575
269,램페이지,869600.0,7.748
270,오션스8,592750.0,7.947142857142857
271,사라진 밤,217491.0,8.182
272,스윙키즈,0.0,0.0
273,바람 바람 바람,0.0,0.0
274,PMC: 더 벙커,3716394.5,7.4123333333333346
275,퍼시픽 림: 업라이징,0.0,0.0
276,몬스터 호텔 3,1153333.3333333333,8.516666666666667
277,더 넌,0.0,0.0
278,스카이스크래퍼,366300.3333333333,7.646666666666666
279,염력,2784166.6666666665,7.096666666666668
280,월요일이 사라졌다,386710.0,8.06
281,인랑,2073000.0,6.906000000000001
282,극장판 헬로카봇 : 백악기 시대,612500.0,8.790000000000001
283,레슬러,770000.0,6.42
284,물괴,647500.0,7.3125
285,미쓰백,0.0,0.0
286,신비아파트: 금빛 도깨비와 비밀의 동굴,934333.3333333334,8.479999999999999
287,퍼스트맨,1071740.3333333333,7.634999999999999
288,스파이더맨: 뉴 유니버스,810000.0,9.3225
289,위대한 쇼맨,900000.0,9.055
290,인시디어스4: 라스트 키,346250.0,7.212000000000001
291,"그날, 바다",0.0,0.0
292,툼레이더,278000.0,7.645
293,페르디난드,522873.5714285714,8.506666666666666
294,버닝,305195.125,8.29125
295,7년의 밤,3514000.0,8.201428571428572
296,메가로돈,834000.0,8.001428571428571
297,콰이어트 플레이스,0.0,0.0
298,호두까기 인형과 4개의 왕국,236350.0,7.920166666666665
299,셰이프 오브 워터: 사랑의 모양,1398750.0,7.762499999999999
300,곰돌이 푸 다시 만나 행복해,1330243.1666666667,8.139999999999999
301,변산,1429000.0,8.3925
302,그린치,1068000.0,8.708000000000002
303,스타 이즈 본,6214000.0,9.122
304,동네사람들,230787.5,6.553333333333334
305,원더풀 고스트,240703.2,7.4975
306,강철비,5873333.333333333,8.66
307,흥부: 글로 세상을 바꾼 자,1192000.0,7.0842857142857145
308,명탐정 코난 : 제로의 집행인,0.0,0.0
309,점박이 한반도의 공룡2 : 새로운 낙원,0.0,0.0
310,패딩턴 2,0.0,0.0
311,허스토리,597339.25,7.911250000000001
312,미드나잇 선,518.0,7.68
313,덕구,2337552.6,7.011666666666666
314,트루스 오어 데어,0.0,0.0
315,극장판 짱구는 못말려: 아뵤! 쿵후 보이즈 ~라면 대란~,167500.0,8.3625
316,해리포터와 마법사의 돌,856000.0,8.163333333333334
317,모털 엔진,1865000.0,8.08
318,나를 차버린 스파이,0.0,0.0
319,명탐정 코난:감벽의 관,191857.14285714287,8.218571428571426
320,아이 필 프리티,390000.0,8.010000000000002
321,시카리오: 데이 오브 솔다도,112404.5,7.89
322,12 솔져스,0.0,0.0
323,1급기밀,247883.66666666663,7.497999999999999
324,50가지 그림자: 해방,130170.0,7.558
325,속닥속닥,33706.125,5.645
326,벽 속에 숨은 마법시계,46915.4,6.816666666666666
327,허리케인 하이스트,1062600.0,6.896000000000001
328,한 솔로: 스타워즈 스토리,208146.7142857143,8.395714285714286
329,콜 미 바이 유어 네임,89666.66666666667,8.020000000000001
330,런닝맨 : 풀룰루의 역습,180000.0,7.73
331,극장판 포켓몬스터DP - 디아루가 VS 펄기아 VS 다크라이,256714.2857142857,8.587142857142856
332,원더,943500.0,8.566666666666668
333,유전,20000.0,7.19
334,더 프레데터,3064666.6666666665,7.803333333333334
335,어느 가족,60928.333333333336,8.276666666666666
336,극장판 포켓몬스터 모두의 이야기,0.0,0.0
337,극장판 요괴워치 섀도사이드: 도깨비왕의 부활,0.0,0.0
338,크레이지 리치 아시안,0.0,0.0
339,다운사이징,68390.0,6.873333333333332
340,나를 기억해,0.0,0.0
341,더 포스트,1896000.0,7.613999999999999
342,빅샤크: 매직체인지,0.0,0.0
343,독전: 익스텐디드 컷,1445714.2857142857,7.712857142857144
344,얼리맨,161000.0,8.86
345,부탁 하나만 들어줘,571833.3333333334,7.978333333333334
346,"안녕, 나의 소녀",110000.0,7.11
347,레드 스패로,1016571.4285714284,8.024285714285714
348,레이디 버드,184000.0,8.344285714285714
349,여중생A,50178.5,7.425
350,쓰리 빌보드,51754.66666666666,8.219999999999999
351,마야2,0.0,0.0
352,플로리다 프로젝트,33655.0,8.47
353,극장판 포켓몬스터 너로 정했다!,256714.2857142857,8.587142857142856
354,베일리 어게인,145200.0,8.618333333333332
355,셜록 놈즈,0.0,0.0
356,신은 죽지 않았다 3: 어둠 속의 빛,0.0,0.0
357,호텔 아르테미스,2494700.0,8.11875
358,올 더 머니,203108.6,8.402000000000001
359,마일22,94857.14285714286,8.327142857142857
360,여곡성,293858.0,6.953333333333333
361,번개맨과 신비의 섬,0.0,0.0
362,킬링 디어,70933.5,8.175
363,타이타닉,1093842.25,8.675
364,소공녀,337271.8571428572,8.55
365,어드리프트:우리가 함께한 바다,112451.5,7.858
366,엘리엇과 산타 썰매단,0.0,0.0
367,헌터 킬러,0.0,0.0
368,몬스터 패밀리,153600.0,7.7266666666666675
369,머니백,0.0,0.0
370,뽀로로 극장판 공룡섬 대모험,675000.0,8.057500000000001
371,말모이,0.0,0.0
372,"부르고뉴, 와인에서 찾은 인생",0.0,0.0
373,그래비티,312921.9166666666,8.078333333333333
374,너의 췌장을 먹고 싶어,53000.0,8.49
375,번개맨의 비밀,0.0,0.0
376,젝스키스 에이틴,0.0,0.0
377,살인소설,2120000.0,7.4075
378,온리 더 브레이브,663333.3333333334,8.273333333333333
379,폴란드로 간 아이들,146897.83333333334,7.116666666666667
380,비밥바룰라,0.0,0.0
381,"스탠바이, 웬디",29500.0,8.23
382,나츠메 우인장: 세상과 연을 맺다,47000.0,9.27
383,아일라,0.0,0.0
384,라이프 오브 파이,0.0,0.0
385,극장판 뽀잉: 슈퍼 변신의 비밀,0.0,0.0
386,더 포리너,129439.57142857143,6.310803571428572
387,그랜드 부다페스트 호텔,187712.0,8.472
388,너의 이름은.,778151.0,8.440000000000001
389,이별의 아침에 약속의 꽃을 장식하자,0.0,0.0
390,다키스트 아워,113402.0,7.4700000000000015
391,프렌즈: 몬스터섬의비밀,229125.0,8.446666666666665
392,정글번치: 최강 악당의 등장,42666.66666666666,7.42
393,툴리,573333.3333333334,8.37
394,벅스 프렌즈,37000.0,8.25
395,아바타,1093842.25,8.675
396,"오늘 밤, 로맨스 극장에서",38829.75,7.92
397,펭귄 하이웨이,35000.0,7.27
398,극장판 레이디버그: 미라클스톤의 비밀,0.0,0.0
399,인생 후르츠,71000.0,9.17
400,개들의 섬,187712.0,8.472
401,거미줄에 걸린 소녀,370333.3333333333,8.533333333333333
402,막달라 마리아: 부활의 증인,65500.0,8.57
403,바르다가 사랑한 얼굴들,32000.0,8.93
404,체실 비치에서,170000.0,8.19
405,루비 스팍스,25333.33333333333,8.536666666666667
406,팬텀 스레드,20320.5,8.405
407,문호 스트레이독스 [데드 애플],30000.0,9.57
408,몬태나,17606.5,8.27
409,크리미널 스쿼드,379000.0,7.223333333333334
410,박물관이 진짜 살아있다,23815.25,7.234999999999999
411,라라랜드,1071740.3333333333,7.634999999999999
412,피쉬 프렌즈: 알록이의 신기한 모험,0.0,0.0
413,모어 댄 블루,0.0,0.0
414,"쏘아올린 불꽃, 밑에서 볼까? 옆에서 볼까?",16930.0,8.59142857142857
415,원더스트럭,99458.4,8.28
416,구스범스: 몬스터의 역습,13819.0,8.05
417,당신의 부탁,176509.83333333334,8.018333333333333
418,양말요정 휴고의 대모험,0.0,0.0
419,러빙 빈센트,220688.5,8.74
420,하이큐!! 콘셉트의 싸움,45910.66666666666,8.861666666666666
421,캡틴 스터비,0.0,0.0
422,겨울왕국의 무민,0.0,0.0
423,노크: 초대받지 않은 손님,0.0,0.0
424,로건 럭키,272770.2,7.041999999999999
425,"세라비, 이것이 인생!",307973.3333333333,8.823333333333332
426,극장판 프리! - 테이크 유어 마크 -,0.0,0.0
427,리틀 뱀파이어,35491.33333333333,8.09875
428,노인을 위한 나라는 없다,111624.25,8.138833333333334
429,펭이와 친구들의 남극대모험,0.0,0.0
430,마징가 Z: 인피니티,22000.0,8.12
431,아이 캔 온리 이매진,35000.0,9.08
432,터닝메카드W: 반다인의 비밀 특별판,0.0,0.0
433,원더 휠,60000.0,7.565
434,무문관,2831.0,7.8
435,죄 많은 소녀,0.0,0.0
436,리즈와 파랑새,75132.0,8.895
437,다이노 헌터: 티렉스VS파키리노 대격돌,337750.0,8.347999999999999
438,호밀밭의 반항아,0.0,0.0
439,원더풀 라이프,60928.333333333336,8.276666666666666
440,아이 엠 러브,89666.66666666667,8.020000000000001
441,어거스트 러쉬,1120000.0,8.72
442,B급 며느리,5096.5,9.04
443,카메라를 멈추면 안 돼!,0.0,0.0
444,극장판 가면라이더 이그제이드: 트루 엔딩,42500.0,8.655000000000001
445,꼬마영웅 바비,0.0,0.0
446,나라타주,9239.0,6.455
447,액슬,0.0,0.0
448,스페이스 치킨: 마법 부적의 비밀,239125.0,7.54
449,판타스틱 부니베어,18613.571428571428,7.267142857142857
450,로빈슨의 언더워터 어드벤처,18000.0,5.8
451,킨: 더 비기닝,18000.0,9.26
452,꼬마 보트 토토: 타요 타요 배 타요,17000.0,5.81
453,탑건,663333.3333333334,8.273333333333333
454,파이널 포트레이트,16306.6,6.984999999999999
455,호비와 매직 아일랜드,17333.333333333332,8.403333333333332
456,토니스토리2: 고철왕국의 친구들,30301.33333333333,7.403333333333333
457,주문은 토끼입니까?? ~디어 마이 시스터~,0.0,0.0
458,내 이야기!!,0.0,0.0
459,바니부기: 드래곤 에그를 찾아서,0.0,0.0
460,아기곰 보보 구출 대작전,21553.5,6.79
461,아기돼지 3형제와 쿵푸랜드,0.0,0.0
462,위 베어 베어스: 베이비 베어스,24000.0,7.735
463,트와일라잇,18000.0,7.7075
464,군산: 거위를 노래하다,17211.666666666668,7.868333333333333
465,내안의 그놈,591484.7142857143,7.6
466,캡틴 샤키,18634.666666666668,8.556666666666667
467,불한당: 나쁜 놈들의 세상,930289.3333333334,7.98
468,토이 가디언즈,0.0,0.0
469,너는 여기에 없었다,31000.0,8.295
470,해피 어게인,0.0,0.0
471,류이치 사카모토: 코다,16408.0,8.290000000000001
472,유니콘 원정대: 비밀의 다이어리,0.0,0.0
473,오직 사랑뿐,14000.0,8.56
474,"아이, 토냐",670333.3333333334,8.703333333333333
475,택시운전사,0.0,0.0
476,신과함께-죄와 벌,6388714.285714285,8.206142857142858
477,공조,2857500.0,6.954000000000001
478,스파이더맨: 홈 커밍,5090527.0,8.91
479,범죄도시,3985000.0,7.327500000000001
480,군함도,5765714.285714285,8.215714285714286
481,청년경찰,3325204.571428572,8.112857142857141
482,킹스맨: 골든 서클,2299000.0,8.282857142857143
483,토르: 라그나로크,3660000.0,8.76
484,꾼,3044285.714285714,8.415714285714285
485,강철비,5873333.333333333,8.66
486,남한산성,3770714.2857142854,8.676142857142857
487,미이라,0.0,0.0
488,분노의 질주: 더 익스트림,896266.8333333334,8.075714285714286
489,너의 이름은.,778151.0,8.440000000000001
490,슈퍼배드 3,1896250.0,8.791607142857142
491,아이 캔 스피크,0.0,0.0
492,캐리비안의 해적: 죽은 자는 말이 없다,1525833.3333333335,7.880833333333333
493,프리즌,1377285.7142857143,8.307142857142859
494,덩케르크,2630000.0,8.309999999999999
495,가디언즈 오브 갤럭시 VOL. 2,5587750.0,8.785166666666665
496,살인자의 기억법,2363333.333333333,7.881666666666667
497,트랜스포머: 최후의 기사,1176000.0,8.075999999999999
498,조작된 도시,4470000.0,8.483333333333334
499,보스 베이비,1427142.857142857,8.764285714285714
500,재심,0.0,0.0
501,박열,1429000.0,8.3925
502,마스터,3545000.0,7.565
503,로건,1431000.0,8.456666666666665
504,겟 아웃,0.0,0.0
505,혹성탈출: 종의 전쟁,1422000.0,7.637142857142857
506,1987,3342278.7619047617,8.299333333333333
507,애나벨 : 인형의 주인,1230000.0,7.66
508,노무현입니다,0.0,0.0
509,저스티스 리그,616766.6666666666,8.42
510,킬러의 보디가드,454334.8,8.056000000000001
511,콩: 스컬 아일랜드,840082.5,8.13
512,23 아이덴티티,580250.0,6.857500000000001
513,임금님의 사건수첩,0.0,0.0
514,부라더,1380000.0,8.163333333333332
515,기억의 밤,784836.75,7.5575
516,해피 데스데이,0.0,0.0
517,브이아이피,3584923.375,8.127428571428572
518,특별시민,612333.3333333334,7.216666666666666
519,에이리언: 커버넌트,203108.6,8.402000000000001
520,장산범,0.0,0.0
521,악녀,787899.0,7.55
522,해빙,601319.5,6.935
523,라라랜드,1071740.3333333333,7.634999999999999
524,지오스톰,0.0,0.0
525,스타워즈: 라스트 제다이,481622.4,7.734999999999999
526,불한당: 나쁜 놈들의 세상,930289.3333333334,7.98
527,그것,0.0,0.0
528,오리엔트 특급 살인,1886666.6666666667,8.42
529,대립군,440393.75,7.4975
530,베이비 드라이버,901200.0,8.108
531,위대한 쇼맨,900000.0,9.055
532,뽀로로 극장판 공룡섬 대모험,675000.0,8.057500000000001
533,레지던트 이블: 파멸의 날,684285.7142857143,7.342857142857143
534,공각기동대 : 고스트 인 더 쉘,695000.0,7.345
535,패신저스,1200000.0,8.370000000000001
536,씽,239725.16666666666,8.60125
537,아빠는 딸,387.0,0.0
538,컨택트,465283.44444444444,8.343333333333334
539,47 미터,371333.3333333333,6.619999999999999
540,메리와 마녀의 꽃,542333.3333333334,8.286666666666667
541,얼라이드,1085250.0,8.56
542,발레리안: 천 개 행성의 도시,137200.0,7.186000000000002
543,그레이트 월,93517.33333333331,7.814000000000002
544,침묵,444979.1428571429,7.827142857142858
545,카3: 새로운 도전,480000.0,8.62
546,리얼,470000.0,4.44
547,너의 췌장을 먹고 싶어,53000.0,8.49
548,명탐정 코난:진홍의 연가,410000.0,8.765
549,히든 피겨스,0.0,0.0
550,반드시 잡는다,0.0,0.0
551,원라인,430000.0,8.68
552,터닝메카드W: 블랙미러의 부활,0.0,0.0
553,스머프: 비밀의 숲,877333.3333333334,8.345714285714285
554,로그 원: 스타워즈 스토리,570360.0,6.45
555,킹 아서: 제왕의 검,2564428.571428572,8.368571428571428
556,극장판 포켓몬스터 너로 정했다!,256714.2857142857,8.587142857142856
557,넛잡 2,89304.33333333333,7.158095238095238
558,아메리칸 메이드,1725000.0,7.672499999999999
559,러빙 빈센트,220688.5,8.74
560,대장 김창수,1368333.3333333333,7.895
561,눈의 여왕 3: 눈과 불의 마법대결,393333.3333333333,8.13
562,플립,233272.0,8.147499999999999
563,석조저택 살인사건,977454.8125,7.091339285714286
564,싱글라이더,0.0,0.0
565,7호실,502506.8333333333,7.225
566,몬스터 패밀리,153600.0,7.7266666666666675
567,내 사랑,330000.0,9.17
568,극장판 짱구는 못말려 : 습격!! 외계인 덩덩이,183500.0,8.719999999999999
569,희생부활자,0.0,0.0
570,옥자,3504139.8571428573,8.151428571428571
571,블레이드 러너 2049,402423.8571428572,8.262857142857143
572,존 윅 - 리로드,0.0,0.0
573,목소리의 형태,75132.0,8.895
574,공범자들,0.0,0.0
575,미옥,1629571.4285714286,7.45875
576,극장판 요괴워치: 하늘을 나는 고래와 더블세계다냥!,210000.0,8.59
577,어쌔신: 더 비기닝,0.0,0.0
578,50가지 그림자: 심연,130170.0,7.558
579,핵소 고지,46401.8,7.531666666666666
580,"나는 내일, 어제의 너와 만난다",36914.16666666666,8.645
581,예수는 역사다,60194.66666666666,8.976666666666667
582,극장판 도라에몽: 진구의 남극 꽁꽁 대모험,0.0,0.0
583,더 큐어,0.0,0.0
584,이프 온리,512414.0,8.8
585,아토믹 블론드,1283598.7142857143,7.825
586,비정규직 특수요원,804000.0,7.894285714285715
587,레고 배트맨 무비,154500.0,8.667499999999999
588,극장판 또봇: 로봇군단의 습격,0.0,0.0
589,극장판 에그엔젤 코코밍: 푸르밍과 두근두근 코코밍 세계,0.0,0.0
590,로마의 휴일,275000.0,7.84
591,시간위의 집,333333.3333333333,6.638571428571429
592,명탐정 코난: 에피소드 원-작아진 명탐정,191857.14285714287,8.218571428571426
593,루돌프와 많이있어,205107.14285714284,8.603571428571428
594,저수지 게임,0.0,0.0
595,마이펫 오지,3068.0,5.745
596,"서서평, 천천히 평온하게",1789166.6666666667,8.500166666666667
597,극장판 소드 아트 온라인 -오디널 스케일-,120000.0,9.26
598,짱구는 못말려 극장판: 폭풍수면! 꿈꾸는 세계 대돌격,0.0,0.0
599,파리로 가는 길,110000.0,8.13
600,킹 오브 프리즘 - 프라이드 더 히어로,42345.5,8.6475
601,여교사,28739.0,8.095
602,직쏘,82980.0,7.165000000000001
603,베이블레이드 버스트 갓 : 갓 발키리의 탄생,0.0,0.0
604,딥워터 호라이즌,94857.14285714286,8.327142857142857
605,슈퍼 빼꼼: 스파이 대작전,115000.0,8.085
606,다크타워: 희망의 탑,36814.5,8.290000000000001
607,인비저블 게스트,54887.333333333336,6.3575
608,사일런스,53702.0,7.3
609,몬스터 콜,1308032.6,8.41
610,다크 나이트,3373333.333333333,8.2
611,지랄발광 17세,83000.0,7.87
612,파도가 지나간 자리,40333.333333333336,8.590000000000002
613,원더,943500.0,8.566666666666668
614,꼬마참새 리차드: 아프리카 원정대,217708.4,7.77
615,너와 100번째 사랑,82390.57142857143,8.25
616,드래곤 스펠: 마법 꽃의 비밀,0.0,0.0
617,오즈: 신기한 마법가루,78000.0,7.58
618,패트리어트 데이,94857.14285714286,8.327142857142857
619,파워레인져스: 더 비기닝,167000.0,7.685
620,바다 탐험대 옥토넛 시즌4: 더 파이널,0.0,0.0
621,극장판 파워레인저: 애니멀포스 VS 닌자포스 미래에서 온 메시지,95333.33333333331,8.0525
622,포켓몬 더 무비 XY&Z 「볼케니온 : 기계왕국의 비밀」,256714.2857142857,8.587142857142856
623,극장판 쿠로코의 농구 라스트 게임,32921.0,9.11
624,뷰티풀 투모로우,559200.0,8.059999999999999
625,리틀 프린세스 소피아 : 신비한 섬,53500.0,8.690000000000001
626,더 크리스마스,65000.0,9.08
627,바다 탐험대 옥토넛 시즌4: 바다 괴물 대소동,0.0,0.0
628,나의 붉은고래,58000.0,7.59
629,밤의 해변에서 혼자,15153.125,7.83
630,맨체스터 바이 더 씨,56000.0,7.760000000000001
631,위시 어폰,275352.8333333333,7.384
632,극장판 숲의 요정 페어리루 ~크리스마스의 기적: 마법의 날개~,0.0,0.0
633,매혹당한 사람들,17400.25,6.496666666666666
634,튤립 피버,247959.3333333333,8.303333333333335
635,윈드 리버,131166.66666666666,8.528333333333332
636,미스 슬로운,71750.0,7.99
637,매기스 플랜,101287.16666666666,8.292142857142856
638,잃어버린 도시 Z,93564.71428571428,7.965714285714286
639,심야식당 2,58761.5,8.3375
640,마더!,559095.5714285715,7.718571428571428
641,"그래, 가족",1795285.7142857143,7.938571428571429
642,리틀 프린세스 소피아: 엘레나와 비밀의 아발로 왕국,53500.0,8.690000000000001
643,내가 죽기 전에 가장 듣고 싶은 말,24074.5,8.2475
644,"당신, 거기 있어줄래요",2110188.5,8.15857142857143
645,하이큐!! 재능과 센스,45910.66666666666,8.861666666666666
646,꼬마돼지 베이브의 대모험,43000.0,7.81
647,"나, 다니엘 블레이크",41250.0,8.6775
648,페이트 스테이 나이트 헤븐즈필 제1장 프레시지 플라워,59666.66666666666,9.336666666666666
649,예감은 틀리지 않는다,28500.0,8.24
650,원스,1433333.3333333333,9.096666666666668
651,이모티: 더 무비,15325.0,7.5725
652,스노든,75105.0,7.296000000000001
653,첫키스만 50번째,148666.66666666666,8.280000000000001
654,다시 태어나도 우리,0.0,0.0
655,잠깐만 회사 좀 관두고 올게,9253.75,6.835000000000001
656,우리의 20세기,105500.0,8.334642857142857
657,키코리키: 황금모자의 비밀,23333.33333333333,6.4
658,어메이징 메리,1873600.0,6.3660000000000005
659,녹터널 애니멀스,19169.0,8.28
660,파운더,458000.0,8.095
661,7번째 내가 죽던 날,35000.0,7.210000000000001
662,더 플랜,0.0,0.0
663,가디언즈 오브 갤럭시,5587750.0,8.785166666666665
664,하이큐!! 승자와 패자,45910.66666666666,8.861666666666666
665,극장판 위 베어 베어스: 곰 브라더스,24000.0,7.735
666,나는 부정한다,32000.0,8.717500000000001
667,단지 세상의 끝,109403.16666666669,7.994
668,"좋아해, 너를",18096.0,8.485
669,리빙보이 인 뉴욕,1873600.0,8.402000000000001
670,"나의 사랑, 그리스",30000.0,8.87
671,역모-반란의 시대,3125000.0,6.697142857142857
672,너브,71000.0,6.5175
673,세 번째 살인,60928.333333333336,8.276666666666666
674,매직울프,0.0,0.0
675,걸 온 더 트레인,54250.0,7.790000000000001
676,데스노트: 더 뉴 월드,52975.8,6.986
677,마리안느와 마가렛,779863.25,7.72375
678,극장판 암살교실 : 365일의 시간,10353.0,8.903333333333334
679,스페이스 비트윈 어스,58619.25,7.17
680,내게 남은 사랑을,72181.5,7.684
681,로스트 인 파리,23626.75,7.795416666666666
682,재키,98935.375,8.075892857142858
683,아기돼지 3형제와 매직램프,0.0,0.0
684,러브레터,15325.6,7.491666666666667
685,배저로와 친구들: 신비한 모험,23776.75,6.85
686,슈퍼 버드,78000.0,7.225
687,부니베어: 로거빅 컴백홈 프로젝트,18613.571428571428,7.267142857142857
688,사다코 대 카야코,11564.0,5.8933333333333335
689,에곤 쉴레: 욕망이 그린 그림,50000.0,8.06
690,언노운 걸,11346.125,8.098571428571429
691,"내 어깨 위 고양이, 밥",6378.0,9.38
692,꿈의 제인,25000.0,8.87
693,"안녕, 나의 소울메이트",14591.333333333334,7.833333333333333
694,슈퍼오리 : 태양을 지켜라,24000.0,6.12
695,하이큐!! 끝과 시작,45910.66666666666,8.861666666666666
696,패션 오브 크라이스트,46401.8,7.531666666666666
697,파워배틀 와치카: 와치가면의 역습,71250.0,7.9275
698,레이디 맥베스,24000.0,7.92
699,제인 도,22936.0,6.5225
700,토마스와 친구들: 수수께끼 해적선과 보물찾기,15333.333333333334,8.006666666666666
701,유리정원,679309.1166666666,7.990666666666668
702,스테이션 7,23000.0,9.16
703,송 투 송,9373.0,7.276666666666667
704,행복 목욕탕,13980.0,8.363333333333333
705,빌리 진 킹: 세기의 대결,25333.33333333333,8.536666666666667
706,극장판 어드벤처 타임: 비밀의 아일랜드,0.0,0.0
707,아이 앰 히스 레저,20000.0,9.21
708,러브 액츄얼리,1029000.0,8.898571428571428
709,뚜르: 내 생애 최고의 49일,757666.6666666666,8.92
710,부니베어: 나무 도둑의 습격,18613.571428571428,7.267142857142857
711,슬립리스: 크리미널 나이트,9699.0,6.25
712,그 후,133500.0,7.4725
713,오즈의 마법사 2,0.0,0.0
714,신서유기 : 몽키킹의 부활,13471.0,7.041428571428571
715,인카네이트,869600.0,7.748
716,배드 지니어스,0.0,0.0
717,"괜찮아요, 미스터 브래드",296954.25,7.734999999999999
718,부산행,1392589.3333333333,7.073333333333334
719,검사외전,4330000.0,7.5625
720,캡틴 아메리카: 시빌 워,7590000.0,7.202222222222223
721,밀정,2073000.0,6.906000000000001
722,인천상륙작전,0.0,0.0
723,곡성,3000211.8,7.741666666666667
724,덕혜옹주,1718000.0,7.228333333333334
725,닥터 스트레인지,1427678.4,7.1800000000000015
726,마스터,3545000.0,7.565
727,주토피아,3280666.6666666665,9.059666666666665
728,신비한 동물사전,3038000.0,8.338
729,아가씨,11021.0,8.1525
730,쿵푸팬더3,2169000.7199999997,7.923571428571428
731,귀향,0.0,0.0
732,데드풀,1283598.7142857143,7.825
733,나우 유 씨 미 2,0.0,0.0
734,형,2490000.0,8.08
735,엑스맨: 아포칼립스,4132000.0,8.075714285714286
736,미스 페레그린과 이상한 아이들의 집,997375.0,7.9125
737,제이슨 본,979500.0,8.428333333333333
738,도리를 찾아서,1758333.3333333333,8.623333333333333
739,아수라,0.0,0.0
740,마이펫의 이중생활,0.0,0.0
741,라라랜드,1071740.3333333333,7.634999999999999
742,배트맨 대 슈퍼맨: 저스티스의 시작,616766.6666666666,8.42
743,굿바이 싱글,375930.1666666667,8.116666666666667
744,봉이 김선달,0.0,0.0
745,레버넌트: 죽음에서 돌아온 자,448867.8,8.236
746,컨저링 2,960142.8571428572,7.881428571428572
747,내부자들: 디 오리지널,3013333.333333333,8.110000000000001
748,수어사이드 스쿼드,2545377.6,7.914166666666667
749,인디펜던스 데이 : 리써전스,1906000.0,7.286
750,탐정 홍길동: 사라진 마을,1698586.8,7.504
751,벤허,0.0,3.856
752,굿 다이노,856666.6666666666,8.983333333333334
753,셜록: 유령신부,1270000.0,7.51
754,특별수사: 사형수의 편지,654158.4,5.982857142857142
755,시간이탈자,601000.5,7.725
756,동주,1429000.0,8.3925
757,워크래프트: 전쟁의 서막,814666.6666666666,8.723333333333334
758,스타트렉 비욘드,1504000.0,8.706
759,미씽: 사라진 여자,1530000.0,7.6571428571428575
760,"당신, 거기 있어줄래요",2110188.5,8.15857142857143
761,라이트 아웃,1230000.0,7.66
762,오빠생각,1967500.0,7.9125
763,"날, 보러와요",587200.0,7.665999999999999
764,씽,239725.16666666666,8.60125
765,맨 인 더 다크,0.0,0.0
766,"고산자, 대동여지도",919336.7142857144,7.32
767,매그니피센트 7,367666.6666666667,8.196666666666667
768,갓 오브 이집트,1016666.6666666666,8.219999999999999
769,레전드 오브 타잔,3038000.0,8.338
770,좋아해줘,0.0,0.0
771,브리짓 존스의 베이비,820000.0,8.885
772,런던 해즈 폴른,365490.0,7.985
773,국가대표 2,0.0,0.0
774,인페르노,208146.7142857143,8.395714285714286
775,앵그리버드 더 무비,180000.0,8.96
776,그날의 분위기,1056721.6666666667,6.926666666666667
777,널 기다리며,2143333.333333333,7.736666666666667
778,잭 리처: 네버 고 백,314000.0,8.042
779,로그 원: 스타워즈 스토리,570360.0,6.45
780,싱 스트리트,1433333.3333333333,9.096666666666668
781,아이스 에이지: 지구 대충돌,0.0,0.0
782,몬스터 호텔 2,1153333.3333333333,8.516666666666667
783,메카닉: 리크루트,184570.66666666663,7.404999999999999
784,고스트버스터즈,571833.3333333334,7.978333333333334
785,거울나라의 앨리스,255747.5,8.48
786,가려진 시간,96967.0,7.906666666666667
787,명탐정 코난: 순흑의 악몽,410000.0,8.765
788,해어화,0.0,0.0
789,계춘할망,1238071.0,7.2525
790,"로봇, 소리",990000.0,8.434999999999999
791,스타워즈: 깨어난 포스,1906000.0,8.068000000000001
792,빅쇼트,50250.0,8.18
793,헌츠맨: 윈터스 워,440000.0,7.53
794,나의 소녀시대,420000.0,8.835
795,조선마술사,998896.3333333334,7.3
796,언더 워터,204119.66666666663,7.493333333333333
797,클로버필드 10번지,350000.0,7.46
798,위자: 저주의 시작,168500.0,7.6425
799,극장판 요괴워치: 염라대왕과 5개의 이야기다냥!,298333.3333333333,8.776666666666666
800,아기배달부 스토크,320000.0,8.83
801,위대한 소원,0.0,0.0
802,구스범스,13819.0,8.05
803,포인트 브레이크,97666.66666666669,8.154285714285715
804,앨빈과 슈퍼밴드: 악동 어드벤처,148051.0,8.025
805,혼숨,280000.0,6.25
806,극장판 안녕 자두야,1012.0,7.05
807,비밀은 없다,1655000.0,7.505000000000001
808,닌자터틀 : 어둠의 히어로,124500.0,7.09
809,독수리 에디,160000.0,7.776666666666667
810,포켓몬 더 무비 XY&Z 「볼케니온 : 기계왕국의 비밀」,256714.2857142857,8.587142857142856
811,원피스 필름 골드,0.0,0.0
812,아이 엠 어 히어로,52975.8,6.986
813,남과 여,134982.7142857143,7.299999999999999
814,짱구는 못말려 극장판: 나의 이사 이야기 선인장 대습격,183500.0,8.719999999999999
815,"무현, 두 도시 이야기",70147.0,7.717999999999999
816,글로리데이,1250202.8333333333,7.993333333333335
817,대호,1945646.75,7.792857142857144
818,매직브러시,0.0,0.0
819,대배우,1356666.6666666667,7.174285714285714
820,달빛궁궐,0.0,0.0
821,미스컨덕트,0.0,0.0
822,500일의 썸머,1873600.0,8.402000000000001
823,13시간,1176000.0,8.075999999999999
824,극장판 아이엠스타 : 꿈의 오디션!,430000.0,7.79
825,제 5침공,72666.66666666667,7.510000000000001
826,극장판 꼬마버스 타요의 에이스 구출작전,197875.0,8.24
827,대니쉬 걸,1902500.0,8.205
828,인생은 아름다워,65440.0,7.574999999999999
829,카페 소사이어티,60000.0,7.565
830,마이 리틀 자이언트,1896000.0,7.613999999999999
831,죽여주는 여자,545063.4,6.108
832,헤이트풀8,220000.0,8.466666666666667
833,감바의 대모험,0.0,0.0
834,피터와 드래곤,31828.0,7.345999999999999
835,다이버전트 시리즈: 얼리전트,242001.0,7.401428571428572
836,무서운 이야기 3 : 화성에서 온 소녀,377847.1277777778,6.632083333333334
837,바스티유 데이,89333.33333333333,6.675000000000001
838,걷기왕,25638.666666666668,8.88
839,나의 산티아고,0.0,0.0
840,본 투 비 블루,47965.0,6.785
841,태풍이 지나가고,60928.333333333336,8.276666666666666
842,오베라는 남자,46608.0,9.06
843,크리미널,269078.0,7.761666666666667
844,슈퍼 프렌즈,0.0,0.0
845,루돌프와 많이있어,205107.14285714284,8.603571428571428
846,룸,71500.0,8.739999999999998
847,포켓몬 더 무비 XY 후파: 광륜의 초마신,256714.2857142857,8.587142857142856
848,다이노X 탐험대,0.0,0.0
849,로스트 인 더스트,39239.16666666666,7.657142857142857
850,최악의 하루,77035.33333333333,8.01
851,오 마이 그랜파,0.0,0.0
852,엽기적인 그녀 2,61644.857142857145,7.4975
853,하이큐!! 끝과 시작,45910.66666666666,8.861666666666666
854,라스트 위치 헌터,167578.0,6.4175
855,언더월드: 블러드 워,316000.0,6.765
856,선생님의 일기,72000.0,8.88
857,세상에서 고양이가 사라진다면,42000.0,8.785
858,바다 탐험대 옥토넛 시즌4: 늪지탐험선K,0.0,0.0
859,어카운턴트,332133.3333333333,8.4225
860,아이엠스타 뮤직어워드,1012.0,7.05
861,리틀메딕: 몸속탐험대,67000.0,7.91
862,데몰리션,45653.2,8.408
863,트럼보,0.0,6.14
864,바다 탐험대 옥토넛 시즌4: 빙하탐험선S,0.0,0.0
865,두 남자,498200.0,7.016
866,극장판 도라에몽: 신 진구의 버스 오브 재팬,115000.0,8.68
867,바다 탐험대 옥토넛 시즌4: 아슬아슬 구조대작전,0.0,0.0
868,죽은 시인의 사회,100000.0,8.770000000000001
869,더 보이,9288.0,7.6
870,극장판 프랭키와 친구들: 생명의 나무,57000.0,8.59
871,드레스메이커,98000.0,8.555
872,비포 선라이즈,47395.6,8.354000000000001
873,백설공주 : 사라진 아빠를 찾아서,0.0,0.0
874,불의 전차,59000.0,8.59
875,파라노말 액티비티: 더 고스트 디멘션,531149.5714285715,6.722857142857143
876,잡아야 산다,0.0,3.91
877,뽀로로 극장판 컴퓨터 왕국 대모험,530000.0,6.904999999999999
878,"나, 다니엘 블레이크",41250.0,8.6775
879,포레스트: 죽음의 숲,51000.0,7.59
880,마음이 외치고 싶어해,1853.25,7.443333333333332
881,바닷마을 다이어리,60928.333333333336,8.276666666666666
882,우리들,442333.3333333333,8.553333333333333
883,목숨 건 연애,1579333.3333333333,7.956
884,머니 몬스터,169010.3333333333,7.811666666666667
885,트리플 9,94666.66666666669,7.353333333333333
886,엽문3: 최후의 대결,407870.4166666666,7.477500000000001
887,굿 윌 헌팅,12719.333333333334,7.435
888,갤럭시 히어로즈: 라쳇 앤 클랭크,104915.6,7.5216666666666665
889,하드코어 헨리,88000.0,7.43
890,블레어 위치,253333.3333333333,7.453333333333333
891,미스 사이공 : 25주년 특별 공연,27976.0,8.030000000000001
892,이웃집에 신이 산다,41365.66666666666,8.135
893,플래그 더 문,122500.0,8.05
894,냉정과 열정사이,0.0,8.92
895,범죄의 여왕,0.0,0.0
896,스푹스:MI5,0.0,0.0
897,스누피: 더 피너츠 무비,770000.0,8.184999999999999
898,매드 맥스: 분노의 도로,0.0,0.0
899,4등,444979.1428571429,7.827142857142858
900,나의 그리스식 웨딩 2,0.0,0.0
901,너의 이름은.,778151.0,8.440000000000001
902,빌리와 용감한 녀석들: 치킨 히어로,36000.0,7.78
903,브루클린의 멋진 주말,0.0,0.0
904,신은 죽지 않았다 2,21928.5,9.0775
905,시간을 달리는 소녀,159000.0,8.353333333333333
906,"헤일, 시저!",159167.29166666666,8.16675
907,무한대를 본 남자,33000.0,8.7
908,인어공주 : 새로운 모험의 시작,0.0,0.0
909,다가오는 것들,17900.0,7.96
910,극장판 유희왕 더 다크 사이드 오브 디멘션즈,32000.0,9.01
911,극장판 프리파라 모두 모여라! 프리즘☆투어즈,42345.5,8.6475
912,그랜드파더,847205.4,6.9471428571428575
913,쿠보와 전설의 악기,230725.16666666666,8.55
914,테일 오브 테일즈,10448.666666666666,7.953333333333333
915,스노우타임,26000.0,8.24
916,벤허,0.0,3.856
917,걸즈 앤 판처 극장판,9890.4,8.74
918,서프러제트,28000.0,9.08
919,카페 6,0.0,0.0
920,토마스와 친구들: 용감한 기관차와 괴물소동,21000.0,8.040000000000001
921,인천상륙작전 : 익스텐디드 에디션(확장판),0.0,0.0
922,뉴 스텝업: 어반댄스,20000.0,7.465
923,오페라의 유령,663407.6666666666,7.848000000000001
924,카이: 거울 호수의 전설,121522.75,7.865
925,하이-라이즈,0.0,0.0
926,키즈모노가타리 I : 철혈편,16930.0,8.59142857142857
927,러브레터,15325.6,7.491666666666667
928,나이스 가이즈,3064666.6666666665,7.803333333333334
929,에곤 쉴레: 욕망이 그린 그림,50000.0,8.06
930,45년 후,0.0,0.0
931,하이 스피드! ?프리! 스타팅 데이즈-,24000.0,9.265
932,사울의 아들,24000.0,8.68
933,잉글리쉬 페이션트,268400.0,7.836
934,글루미 선데이,624.0,8.443333333333333
935,피아니스트 세이모어의 뉴욕 소네트,0.0,0.0
936,연애담,0.0,0.0
937,스킵트레이스: 합동수사,29432.6,5.644761904761905
938,시크릿 인 데어 아이즈,0.0,0.0
939,해리포터와 죽음의 성물2,3038000.0,8.338
940,하이큐!! 승자와 패자,45910.66666666666,8.861666666666666
941,인터스텔라,1703266.8333333333,8.42
942,비포 선셋,47395.6,8.354000000000001
943,세기의 매치,314000.0,8.042
944,바그다드 카페 : 디렉터스컷,182.0,9.206666666666663
945,섬. 사라진 사람들,8547.25,7.63
946,칠드런 오브 맨,565223.1666666666,8.363333333333335
947,립반윙클의 신부,15325.6,7.491666666666667
948,트루스,0.0,0.0
949,이레셔널 맨,60000.0,7.565
950,다음 침공은 어디?,21073.0,8.98
951,무간도,36263.0,6.098333333333334
952,환상의 빛,60928.333333333336,8.276666666666666
953,버스 657,12004.25,7.025
954,비틀스: 에잇 데이즈 어 위크 ? 투어링 이어즈,208146.7142857143,8.395714285714286
955,당신자신과 당신의 것,15153.125,7.83
956,"불량소녀, 너를 응원해!",86750.0,8.2825
957,미라클 프롬 헤븐,39333.333333333336,8.85
958,"조제, 호랑이 그리고 물고기들",26000.0,9.26
959,내부자들,3013333.333333333,8.110000000000001
960,"나의 위대한 친구, 세잔",12879.0,6.962000000000001
961,무수단,5794.333333333333,6.22
962,베테랑,5765714.285714285,8.215714285714286
963,암살,5929666.666666666,7.859000000000001
964,어벤져스: 에이지 오브 울트론,3916253.2,6.174
965,국제시장,5392857.142857143,8.824285714285713
966,내부자들,3013333.333333333,8.110000000000001
967,사도,1429000.0,8.3925
968,킹스맨 : 시크릿 에이전트,2299000.0,8.282857142857143
969,미션 임파서블: 로그네이션,5270000.0,8.547500000000001
970,연평해전,6040000.0,7.407500000000001
971,검은 사제들,1013.0,5.076666666666667
972,인사이드 아웃,1920000.0,8.985714285714286
973,마션,203108.6,8.402000000000001
974,조선명탐정 : 사라진 놉의 딸,2972500.0,8.067499999999999
975,매드 맥스: 분노의 도로,0.0,0.0
976,분노의 질주: 더 세븐,960142.8571428572,7.881428571428572
977,터미네이터 제니시스,3140000.0,8.235
978,스물,0.0,0.0
979,극비수사,2736964.2857142854,8.155000000000001
980,앤트맨,0.0,0.0
981,스타워즈: 깨어난 포스,1906000.0,8.068000000000001
982,빅 히어로,2344559.2,9.002500000000001
983,메이즈 러너: 스코치 트라이얼,2613333.333333333,8.296666666666667
984,탐정 : 더 비기닝,0.0,0.0
985,스파이,571833.3333333334,7.978333333333334
986,악의 연대기,0.0,0.0
987,강남 1970,1681666.6666666667,7.615
988,오늘의 연애,1909848.1666666667,7.62625
989,테이큰 3,1266000.0,7.647999999999999
990,007 스펙터,857992.5,8.01
991,이미테이션 게임,1200000.0,8.370000000000001
992,샌 안드레아스,869600.0,7.748
993,쎄시봉,3621428.5714285714,8.674285714285714
994,더 폰,0.0,0.0
995,위플래쉬,1071740.3333333333,7.634999999999999
996,대호,1945646.75,7.792857142857144
997,장수상회,1466250.0,8.101428571428572
998,성난 변호사,647500.0,7.3125
999,간신,597339.25,7.911250000000001
1000,박물관이 살아있다 : 비밀의 무덤,268315.5,8.21875
1001,그놈이다,571170.25,7.345
1002,미쓰 와이프,591484.7142857143,7.6
1003,몬스터 호텔 2,1153333.3333333333,8.516666666666667
1004,허삼관,5016000.0,7.958000000000001
1005,"님아, 그 강을 건너지 마오",968069.6,8.848
1006,살인의뢰,1946666.6666666667,7.183333333333334
1007,손님,0.0,0.0
1008,인시디어스 3,1213333.3333333333,7.438571428571429
1009,하트 오브 더 씨,208146.7142857143,8.395714285714286
1010,헝거게임: 더 파이널,1016571.4285714284,8.024285714285714
1011,기술자들,0.0,0.0
1012,열정같은소리하고있네,1662500.0,8.22375
1013,특종: 량첸살인기,0.0,0.0
1014,서부전선,0.0,0.0
1015,채피,652661.75,7.630000000000001
1016,극장판 요괴워치: 탄생의 비밀이다냥!,298333.3333333333,8.776666666666666
1017,헬머니,1070028.0,7.25
1018,도라에몽 : 스탠 바이 미,229125.0,8.446666666666665
1019,위험한 상견례 2,0.0,0.0
1020,명탐정 코난 : 화염의 해바라기,410000.0,8.765
1021,순수의 시대,0.0,0.0
1022,"협녀, 칼의 기억",0.0,0.0
1023,무뢰한,63134.0,8.175
1024,판타스틱 4,130000.0,6.18
1025,뽀로로 극장판 컴퓨터 왕국 대모험,530000.0,6.904999999999999
1026,내 심장을 쏴라,1873333.3333333333,7.590000000000001
1027,소수의견,1150000.0,8.011666666666667
1028,그레이의 50가지 그림자,130170.0,7.558
1029,홈,0.0,0.0
1030,경성학교: 사라진 소녀들,1445714.2857142857,7.712857142857144
1031,아메리칸 스나이퍼,3283666.6666666665,8.986
1032,호빗: 다섯 군대 전투,1802000.0,8.104
1033,스폰지밥 3D,0.0,0.0
1034,뮨: 달의 요정,233135.25,8.176666666666666
1035,도리화가,0.0,0.0
1036,이터널 선샤인,47609.5,7.624
1037,주피터 어센딩,660000.0,8.048333333333334
1038,오즈의 마법사: 돌아온 도로시,557559.2,8.523541666666667
1039,런 올 나이트,204119.66666666663,7.493333333333333
1040,다이노 타임,280000.0,8.49
1041,인서전트,242001.0,7.401428571428572
1042,투모로우랜드,1300310.3333333333,8.3675
1043,스파이 브릿지,1896000.0,7.613999999999999
1044,개를 훔치는 완벽한 방법,134176.66666666666,7.418333333333333
1045,함정,350000.0,7.44375
1046,명탐정 코난 : 코난 실종사건 - 사상 최악의 이틀,191857.14285714287,8.218571428571426
1047,언브로큰,1456817.6666666667,7.845
1048,소셜포비아,75891.6,8.176
1049,하늘을 걷는 남자,1085250.0,8.56
1050,극장판 포켓몬스터 XY : 파괴의 포켓몬과 디안시,256714.2857142857,8.587142857142856
1051,조선마술사,998896.3333333334,7.3
1052,괴물의 아이,159000.0,8.353333333333333
1053,노아의 방주: 남겨진 녀석들,217708.4,7.77
1054,언프렌디드: 친구삭제,210000.0,5.37
1055,연애의 맛,177826.75,7.43
1056,포켓몬 더 무비 XY 후파: 광륜의 초마신,256714.2857142857,8.587142857142856
1057,버드맨,448867.8,8.236
1058,기생수 파트1,84250.0,8.25
1059,더 셰프,3134166.6,8.258
1060,레전드,598000.0,7.653999999999999
1061,인터스텔라,1703266.8333333333,8.42
1062,19곰 테드 2,0.0,0.0
1063,아메리칸 울트라,0.0,0.0
1064,트랜스포터: 리퓰드,662142.8571428572,7.287142857142858
1065,내부자들: 디 오리지널,3013333.333333333,8.110000000000001
1066,스누피: 더 피너츠 무비,770000.0,8.184999999999999
1067,최강전사 미니특공대 : 새로운 악당의 습격,71250.0,7.9275
1068,아메리칸 셰프,5325303.533333333,8.825555555555555
1069,짱구는 못말려 극장판 : 정면승부! 로봇아빠의 역습,167500.0,8.3625
1070,워킹걸,1041666.6666666666,6.956666666666667
1071,은밀한 유혹,1073333.3333333333,7.0920000000000005
1072,우먼 인 골드,55862.0,7.746666666666667
1073,시카리오: 암살자의 도시,402423.8571428572,8.262857142857143
1074,워터 디바이너,0.0,0.0
1075,나의 절친 악당들,0.0,0.0
1076,러브 라이브! 더 스쿨 아이돌 무비,160000.0,9.085
1077,미라클 벨리에,34262.6,7.258571428571429
1078,퇴마: 무녀굴,1332909.625,6.52125
1079,눈의 여왕 2: 트롤의 마법거울,393333.3333333333,8.13
1080,상의원,0.0,0.0
1081,극장판 도라에몽 : 진구의 우주영웅기~스페이스 히어로즈~,110000.0,8.5
1082,스틸 앨리스,53708.0,8.19875
1083,셀프/리스,512000.0,7.678
1084,맨 프롬 UNCLE,2564428.571428572,8.368571428571428
1085,더 건맨,430959.375,7.601249999999999
1086,극장판 파워레인저 트레인포스 VS 다이노포스 THE MOVIE,100000.0,8.39
1087,빌리와 용감한 녀석들 3,98000.0,7.36
1088,7번째 아들,46584.0,7.015
1089,포커스,153136.4,7.976000000000001
1090,더 매직: 리틀톰과 도둑공주,90000.0,7.62
1091,갤로우즈,89000.0,6.8100000000000005
1092,세인트 빈센트,682500.0,7.21
1093,빅 아이즈,997375.0,7.9125
1094,더 이퀄라이저,367666.6666666667,8.196666666666667
1095,지금은맞고그때는틀리다,15153.125,7.83
1096,엑스 마키나,0.0,0.0
1097,모데카이,1331600.0,7.566
1098,러덜리스,83500.0,8.86
1099,쓰리 썸머 나잇,0.0,0.0
1100,타임 패러독스,82980.0,7.165000000000001
1101,피치 퍼펙트: 언프리티 걸즈,0.0,0.0
1102,위자,168500.0,7.6425
1103,러브 액츄얼리,1029000.0,8.898571428571428
1104,다크 플레이스,0.0,0.0
1105,히트맨: 에이전트 47,64000.0,7.77
1106,보루토 - 나루토 더 무비,64000.0,9.59
1107,기생수 파트2,84250.0,8.25
1108,위아영,329276.725,8.0265
1109,아더와 미니모이 3: 두 세계의 전쟁,137200.0,7.186000000000002
1110,주온: 더 파이널,159206.66666666666,5.640000000000001
1111,드래곤 블레이드,122985.9,6.482261904761904
1112,대니 콜린스,0.0,0.0
1113,나이트 크롤러,1269000.0,8.172
1114,고녀석 맛나겠다2 : 함께라서 행복해,56000.0,8.05
1115,더 랍스터,70933.5,8.175
1116,개구리왕국,14000.0,6.73
1117,이웃집에 신이 산다,41365.66666666666,8.135
1118,더 라스트: 나루토 더 무비,53000.0,8.76
1119,바다 탐험대 옥토넛 스페셜,52000.0,7.43
1120,더 비지트,580250.0,6.857500000000001
1121,바닷마을 다이어리,60928.333333333336,8.276666666666666
1122,미안해 사랑해 고마워,920233.7142857144,7.665714285714286
1123,라스트 위치 헌터,167578.0,6.4175
1124,스트레이트 아웃 오브 컴턴,896266.8333333334,8.075714285714286
1125,엘리노어 릭비: 그 남자 그 여자,0.0,0.0
1126,크림슨 피크,1398750.0,7.762499999999999
1127,피케이: 별에서 온 얼간이,248500.0,9.165
1128,약장수,44000.0,8.64
1129,성실한 나라의 앨리스,100000.0,7.883333333333333
1130,데모닉,652661.75,7.630000000000001
1131,유고와 라라: 하늘고래와 구름섬 대모험,20650.25,6.5200000000000005
1132,"웰컴, 삼바",457000.0,8.844999999999999
1133,포켓몬 레인저와 바다의 왕자 마나피,256714.2857142857,8.587142857142856
1134,아델라인 : 멈춰진 시간,0.0,0.0
1135,내일을 위한 시간,11346.125,8.098571428571429
1136,신은 죽지 않았다,0.0,0.0
1137,정글번치: 너구리 해적단과 보물지도,38000.0,6.82
1138,위아 유어 프렌즈,38000.0,8.93
1139,추억의 마니,542333.3333333334,8.286666666666667
1140,령 : 저주받은 사진,112036.0,4.45
1141,한여름의 판타지아,7305.666666666667,7.624
1142,에스엠타운 더 스테이지,36000.0,8.93
1143,리틀드래곤 코코넛,0.0,0.0
1144,나를 미치게 하는 여자,1169666.6666666667,8.576666666666668
1145,"땡큐, 대디",0.0,0.0
1146,춘희막이,16899.5,9.025
1147,슈퍼 스파이: 수상한 임무,16752.5,7.105
1148,앙: 단팥 인생 이야기,5538.0,8.29
1149,뽀로로 극장판 눈요정 마을 대모험,530000.0,6.904999999999999
1150,러브 앤 머시,50818.75,8.09
1151,폭스캐처,224640.0,8.203333333333333
1152,윈드랜드,0.0,0.0
1153,숲속으로,1004000.0,7.535
1154,진격의 거인: 홍련의 화살,15013.0,7.195
1155,종이 달,6720.8,7.795999999999999
1156,레전드 오브 래빗: 불의 전설,24000.0,7.71
1157,드래곤볼 Z : 부활의 F,23000.0,5.88
1158,엘리제궁의 요리사,76500.0,7.51
1159,차일드 44,158026.0,7.48
1160,그 사람 그 사랑 그 세상,0.0,0.0
1161,트립 투 이탈리아,9233.6,6.506
1162,스윗 프랑세즈,91953.66666666669,8.173333333333334
1163,난 그녀와 키스했다,20000.0,8.4575
1164,옐로우버드,19000.0,7.0
1165,부에나 비스타 소셜 클럽,13821.5,7.812500000000001
1166,비비안 마이어를 찾아서,19000.0,8.546666666666667
1167,무민 더 무비,19000.0,8.2
1168,리그레션,12216.5,7.87
1169,원스 어폰 어 타임 인 아메리카,0.0,8.882857142857143
1170,태양을 쏴라,4769.857142857143,6.58625
1171,어떤살인,73500.0,7.89
1172,이민자,93564.71428571428,7.965714285714286
1173,어바웃 리키,17000.0,8.08
1174,사랑이 이긴다,7582.5,8.625
1175,아스테릭스: 신들의 전당,17333.333333333332,7.667333333333332
1176,라이드 : 나에게로의 여행,0.0,0.0
1177,뷰티풀 라이,7849.666666666667,8.59
1178,어느 하녀의 일기,0.0,6.71
1179,하나와 앨리스: 살인사건,15325.6,7.491666666666667
1180,"알로, 슈티",0.0,0.0
1181,빽 투 더 퓨쳐 2,1085250.0,8.56
1182,위로공단,4646.0,8.129999999999999
1183,네이든,14000.0,8.74
1184,미스터 터너,7629.8,7.2775
1185,무드 인디고,47609.5,7.624
1186,베스트 오브 미,0.0,0.0
1187,"안녕, 전우치! 도술로봇대결전",13000.0,8.54
1188,온리 유,0.0,0.0
1189,피아니스트,17740.5,7.613333333333332
1190,어우동: 주인 없는 꽃,291.5,3.843333333333333
1191,빽 투 더 퓨쳐,1085250.0,8.56
1192,결혼하지 않아도 괜찮을까,7406.0,7.333333333333333
1193,검은손,3666625.0,7.74875
1194,클라우즈 오브 실스마리아,6833.5,7.5625
1195,바티칸 뮤지엄,11000.0,7.09
1196,명량,4639816.166666667,8.03
1197,인터스텔라,1703266.8333333333,8.42
1198,해적: 바다로 간 산적,4386000.0,7.952499999999999
1199,수상한 그녀,3920000.0,8.678
1200,변호인,5873333.333333333,8.66
1201,국제시장,5392857.142857143,8.824285714285713
1202,트랜스포머: 사라진 시대,596153.3,7.530499999999999
1203,군도: 민란의 시대,4297642.857142857,8.008285714285716
1204,엣지 오브 투모로우,1725000.0,7.672499999999999
1205,엑스맨: 데이즈 오브 퓨처 패스트,4132000.0,8.075714285714286
1206,어메이징 스파이더맨 2,1873600.0,8.402000000000001
1207,타짜-신의 손,4230796.0,8.709999999999999
1208,혹성탈출: 반격의 서막,1422000.0,7.637142857142857
1209,캡틴 아메리카: 윈터 솔져,7590000.0,7.202222222222223
1210,역린,3043400.333333333,7.489999999999999
1211,"님아, 그 강을 건너지 마오",968069.6,8.848
1212,끝까지 간다,2857500.0,6.954000000000001
1213,비긴 어게인,1433333.3333333333,9.096666666666668
1214,드래곤 길들이기 2,2360000.0,9.0875
1215,표적,1238071.0,7.2525
1216,메이즈 러너,2613333.333333333,8.296666666666667
1217,호빗: 다섯 군대 전투,1802000.0,8.104
1218,나의 사랑 나의 신부,12045.5,7.877499999999999
1219,남자가 사랑할 때,1252829.25,8.129125
1220,용의자,2363333.333333333,7.881666666666667
1221,기술자들,0.0,0.0
1222,나를 찾아줘,629083.8333333333,8.395
1223,제보자,609686.0,8.702857142857143
1224,피끓는 청춘,3784600.0,7.427666666666667
1225,두근두근 내 인생,545063.4,6.108
1226,우아한 거짓말,1967500.0,7.9125
1227,300: 제국의 부활,818000.0,7.745
1228,엑소더스: 신들과 왕들,203108.6,8.402000000000001
1229,인간중독,2240000.0,7.583333333333333
1230,말레피센트,1482742.1666666667,7.925833333333333
1231,폼페이: 최후의 날,684285.7142857143,7.342857142857143
1232,퓨리,526628.7142857143,7.938571428571429
1233,드라큘라: 전설의 시작,1320000.0,8.05
1234,가디언즈 오브 갤럭시,5587750.0,8.785166666666665
1235,찌라시: 위험한 소문,1835129.25,7.945
1236,빅매치,1160000.0,7.983333333333333
1237,슬로우 비디오,1607500.0,7.9
1238,방황하는 칼날,1077500.0,7.819999999999999
1239,로보캅,244279.75,7.4175
1240,우리는 형제입니다,758166.6666666666,6.985
1241,헝거게임: 모킹제이,516439.0142857142,7.504642857142857
1242,월터의 상상은 현실이 된다,296954.25,7.734999999999999
1243,관능의 법칙,481490.2,7.57
1244,그랜드 부다페스트 호텔,187712.0,8.472
1245,리오 2,522873.5714285714,8.506666666666666
1246,"안녕, 헤이즐",272333.3333333333,7.866666666666667
1247,트랜센던스,2631571.4285714286,8.894285714285713
1248,상의원,0.0,0.0
1249,플랜맨,320500.0,8.445
1250,우는 남자,1868000.0,7.948000000000002
1251,타잔 3D,0.0,0.0
1252,패션왕,621600.0,6.061428571428571
1253,황제를 위하여,0.0,0.0
1254,더 울프 오브 월스트리트,193000.16666666666,8.618
1255,스텝 업: 올 인,560000.0,8.3
1256,눈의 여왕 2: 트롤의 마법거울,393333.3333333333,8.13
1257,노예 12년,175725.0,8.416666666666666
1258,또 하나의 약속,0.0,0.0
1259,엔더스 게임,392153.2,8.068
1260,소녀괴담,0.0,0.0
1261,조선미녀삼총사,413461.6666666667,6.656666666666666
1262,넛잡: 땅콩 도둑들,240250.0,7.925000000000001
1263,마담 뺑덕,133063.4,6.378000000000001
1264,썬더와 마법저택,570714.2857142857,8.748571428571429
1265,다이버전트,221000.0,8.162857142857144
1266,주온 : 끝의 시작,159206.66666666666,5.640000000000001
1267,좋은 친구들,0.0,0.0
1268,닌자터틀,124500.0,7.09
1269,명탐정 코난 : 이차원의 저격수,410000.0,8.765
1270,나의 독재자,2053750.0,7.559999999999999
1271,천재 강아지 미스터 피바디,274800.4666666667,7.398928571428571
1272,그녀,313413.6666666667,8.073333333333332
1273,선 오브 갓,320000.0,8.43
1274,잭 라이언 : 코드네임 쉐도우,1178578.0,8.326666666666668
1275,숲속으로,1004000.0,7.535
1276,비행기 2: 소방구조대,310000.0,8.07
1277,"러브, 로지",290000.0,8.0
1278,사랑에 대한 모든 것,55904.8,7.85
1279,노벰버 맨,281666.6666666667,7.918000000000001
1280,툼스톤,758400.0,7.380000000000001
1281,그레이스 오브 모나코,101096.6,7.484
1282,뽀로로 극장판 눈요정 마을 대모험,530000.0,6.904999999999999
1283,쓰리데이즈 투 킬,279517.6666666666,7.9816666666666665
1284,극장판 루팡 3세 VS 명탐정 코난,136333.33333333334,8.299999999999999
1285,한공주,0.0,0.0
1286,헤라클레스 : 레전드 비긴즈,49923.2,5.806666666666668
1287,덕수리 5형제,810000.0,7.726000000000001
1288,덤 앤 더머 투,206596.83333333334,7.960833333333333
1289,컬러풀 웨딩즈,190000.0,8.58
1290,보이후드,47395.6,8.354000000000001
1291,명탐정 코난 : 탐정들의 진혼가,191857.14285714287,8.218571428571426
1292,라스트베가스,834000.0,8.001428571428571
1293,아빠를 빌려드립니다,804000.0,7.894285714285715
1294,극장판 도라에몽: 진구의 아프리카 모험 ~베코와 5인의 탐험대~,115000.0,8.68
1295,호빗: 스마우그의 폐허,1802000.0,8.104
1296,아메리칸 허슬,3156098.5,8.601833333333333
1297,익스펜더블 3,209997.2666666667,7.655888888888889
1298,테이큰 3,1266000.0,7.647999999999999
1299,마담 프루스트의 비밀정원,31272.625,8.219999999999999
1300,꾸뻬씨의 행복여행,58619.25,7.17
1301,더 기버: 기억전달자,1480000.0,7.92
1302,도희야,0.0,0.0
1303,더 시그널,100000.0,6.263333333333333
1304,니드 포 스피드,77271.0,8.330000000000002
1305,인사이드 르윈,111624.25,8.138833333333334
1306,베리 굿 걸,50541.0,6.635
1307,박스트롤,147500.0,8.18
1308,다이노소어 어드벤처 3D,337750.0,8.347999999999999
1309,집으로 가는 길,724525.8571428572,8.12
1310,살인자,88000.0,5.4
1311,허큘리스,1080000.0,8.33
1312,씬 시티: 다크히어로의 부활,806879.1,7.600000000000001
1313,원 챈스,429000.0,8.6475
1314,터널 3D,11253.25,6.63
1315,페이스 오브 러브,0.0,0.0
1316,분신사바 2,2128111.6,5.523333333333333
1317,아더 우먼,87250.0,7.414999999999999
1318,매직 인 더 문라이트,60000.0,7.565
1319,리스본행 야간열차,25434.5,7.8025
1320,쿰바: 반쪽무늬 얼룩말의 대모험,75000.0,7.95
1321,그렇게 아버지가 된다,60928.333333333336,8.276666666666666
1322,브릭 맨션: 통제불능 범죄구역,662142.8571428572,7.287142857142858
1323,극장판 포켓몬스터 AG - 아름다운 소원의 별 지라치,256714.2857142857,8.587142857142856
1324,프란시스 하,272799.6,8.331142857142858
1325,어거스트: 가족의 초상,54333.2,7.394
1326,모뉴먼츠 맨: 세기의 작전,60620.66666666666,7.793333333333333
1327,달라스 바이어스 클럽,39426.76666666666,8.524000000000001
1328,인보카머스,1427678.4,7.1800000000000015
1329,더 바디,54887.333333333336,6.3575
1330,님포매니악 볼륨1,24089.4,7.664
1331,더 퍼지 : 거리의 반란,64924.66666666666,6.026666666666667
1332,극장판 가면라이더 VS 파워레인저 슈퍼히어로 대전,60000.0,8.4
1333,5일의 마중,93517.33333333331,7.814000000000002
1334,내가 잠들기 전에,36406.75,7.346666666666667
1335,"가장 따뜻한 색, 블루",18580.0,8.96
1336,어네스트와 셀레스틴,42777.777777777774,8.79888888888889
1337,"제자, 옥한흠",24419.666666666668,9.365
1338,베스트 오퍼,29061.5,8.285
1339,내 연애의 기억,498750.0,6.878571428571428
1340,족구왕,470400.0,8.258333333333335
1341,부니 베어: 롤라 구출 대모험,24383.85714285714,7.789047619047619
1342,우리별 일호와 얼룩소,16893.875,7.619999999999999
1343,그레이트 뷰티,28059.2,7.795
1344,개를 훔치는 완벽한 방법,134176.66666666666,7.418333333333333
1345,나쁜 이웃들,320000.0,8.83
1346,천국에 다녀온 소년,106000.0,8.67
1347,그날 본 꽃의 이름을 우리는 아직 모른다,0.0,0.0
1348,자유의 언덕,15153.125,7.83
1349,필로미나의 기적,0.0,0.0
1350,백프로,354500.0,6.23
1351,슈퍼노바 지구 탈출기,169666.66666666666,8.833333333333334
1352,파가니니: 악마의 바이올리니스트,14887.666666666666,5.853333333333333
1353,초콜렛 도넛,30500.0,8.0025
1354,오직 사랑하는 이들만이 살아남는다,22663.0,8.085
1355,"메밀꽃, 운수 좋은 날, 그리고 봄봄",27217.0,8.522
1356,꼬마 잠수함 올리 2,34000.0,5.43
1357,위크엔드 인 파리,61205.25,7.8625
1358,무드 인디고,47609.5,7.624
1359,배틀 오브 비보이,18798.0,8.485
1360,그래비티,312921.9166666666,8.078333333333333
1361,킬 유어 달링,33000.0,8.24
1362,동경가족,10842.0,8.31
1363,꼬마 니콜라의 여름방학,77666.66666666667,8.713333333333333
1364,굿모닝 맨하탄,32000.0,9.0
1365,앵그리스트 맨,31000.0,8.076
1366,벨과 세바스찬,4156.0,7.271666666666667
1367,마인드스케이프,30000.0,7.33
1368,지골로 인 뉴욕,602889.3333333334,7.597222222222222
1369,행복배달부 팻아저씨,95000.0,7.35
1370,꼬마잠수함 올리,0.0,0.0
1371,왓 이프,28000.0,7.67
1372,선샤인 온 리스,84888.66666666667,7.823333333333334
1373,유고와 라라 : 신비의 숲 어드벤처,20650.25,6.5200000000000005
1374,쥬로링 동물탐정 극장판,66250.0,8.3675
1375,님포매니악 볼륨2,24089.4,7.664
1376,고스트 메신저 극장판,24000.0,9.19
1377,거인,28739.0,8.095
1378,엔들리스 러브,47509.0,7.795
1379,극장판 뛰뛰빵빵 구조대 미션: 둥둥이를 구하라!,22000.0,7.61
1380,클라우즈 오브 실스마리아,6833.5,7.5625
1381,초원의 왕 도제,28500.0,8.425
1382,이브 생 로랑,11685.0,6.805
1383,그 사람 그 사랑 그 세상,0.0,0.0
1384,슈퍼처방전,0.0,0.0
1385,사막에서 연어낚시,145200.0,8.618333333333332
1386,스페이스 독 2,23815.25,7.234999999999999
1387,이디야와 얼음왕국의 전설,9661.0,6.71
1388,밀리언 웨이즈,0.0,0.0
1389,위험한 패밀리,137200.0,7.186000000000002
1390,혼스,132789.2,6.997999999999999
1391,엘리아스: 바다의 보물을 찾아라!,9937.5,7.859999999999999
1392,오드토머스,1909250.0,7.708750000000001
1393,가구야공주 이야기,9260.5,8.094285714285714
1394,로코왕국의 전설: 엘프킹을 찾아서,16000.0,6.09
1395,모스트 원티드 맨,28109.5,7.805
1396,메멘토,3373333.333333333,8.2
1397,물랑루즈,0.0,0.0
1398,웨스턴 리벤지,16000.0,7.31
1399,극장판 날아라! 호빵맨 : 바나나섬을 되찾아줘,11799.5,7.775
1400,토마스와 친구들: 잃어버린 왕관,21000.0,8.040000000000001
1401,스턱 인 러브,272333.3333333333,7.866666666666667
1402,행복한 사전,7990.0,7.710000000000001
1403,"하늘을 나는 강아지, 비포와 친구들",11604.0,6.92
1404,세이빙 산타,230000.0,7.78
1405,쿼바디스,4960.0,8.07
1406,버진 스노우,8793.5,7.710000000000001
1407,테레즈 라캥,0.0,0.0
1408,프로즌 그라운드,14000.0,7.3
1409,몽상가들,861556.0,7.859166666666667
1410,조난자들,19000.0,8.39
1411,아바타 정글의 비밀,0.0,0.0
1412,디태치먼트,13000.0,8.04
1413,유아 넥스트,253333.3333333333,7.453333333333333
1414,사다코 2,233.0,6.76
1415,설국열차,3504139.8571428573,6.240714285714286
1416,관상,4227933.333333333,8.256833333333333
1417,아이언맨 3,3064666.6666666665,7.803333333333334
1418,베를린,5390857.142857143,8.086857142857143
1419,은밀하게 위대하게,1956250.0,7.475
1420,변호인,5873333.333333333,8.66
1421,숨바꼭질,680000.0,6.572500000000001
1422,더 테러 라이브,0.0,4.44
1423,감시자들,4527500.0,7.696875
1424,신세계,1945646.75,7.792857142857144
1425,박수건달,1820000.0,7.529999999999999
1426,스파이,571833.3333333334,7.978333333333334
1427,그래비티,312921.9166666666,8.078333333333333
1428,타워,3125000.0,6.697142857142857
1429,토르: 다크 월드,3140000.0,8.235
1430,레드: 더 레전드,872010.75,7.280000000000001
1431,친구 2,1852500.0,7.635714285714286
1432,나우 유 씨 미 : 마술사기단,1164285.7142857143,7.632857142857143
1433,레미제라블,1902500.0,8.205
1434,화이: 괴물을 삼킨 아이,2505418.1428571427,8.469999999999999
1435,컨저링,0.0,3.11
1436,맨 오브 스틸,470489.3333333333,8.233333333333334
1437,용의자,2363333.333333333,7.881666666666667
1438,호빗: 스마우그의 폐허,1802000.0,8.104
1439,연애의 온도,0.0,0.0
1440,지.아이.조 2,0.0,0.0
1441,분노의 질주: 더 맥시멈,1504000.0,8.706
1442,공범,1428592.142857143,7.34375
1443,집으로 가는 길,724525.8571428572,8.12
1444,전설의 주먹,919336.7142857144,7.32
1445,파파로티,640441.2,6.677
1446,스타트렉 다크니스,1906000.0,8.068000000000001
1447,라이프 오브 파이,0.0,0.0
1448,오블리비언,663333.3333333334,8.273333333333333
1449,위대한 개츠비,0.0,0.0
1450,다이하드: 굿 데이 투 다이,505500.0,6.320000000000001
1451,미스터 고,7761428.571428572,8.454285714285716
1452,결혼전야,598948.4285714285,7.642857142857144
1453,깡철이,1673333.3333333333,7.853999999999999
1454,엘리시움,465030.875,7.73
1455,더 웹툰: 예고살인,985835.25,7.268000000000001
1456,웜 바디스,493333.3333333333,8.583333333333334
1457,고령화 가족,1278000.0,7.852857142857142
1458,헝거게임: 캣칭 파이어,1016571.4285714284,8.024285714285714
1459,더 울버린,1431000.0,8.456666666666665
1460,동창생,2330212.5,7.904999999999999
1461,슈퍼배드 2,1980000.0,8.7075
1462,잭 더 자이언트 킬러,2074153.3,7.5303571428571425
1463,크루즈 패밀리,230000.0,9.35
1464,뽀로로 극장판 슈퍼썰매 대모험,530000.0,6.904999999999999
1465,개구쟁이 스머프 2,251412.1,7.850535714285715
1466,몬스터 대학교,1106666.6666666667,9.073333333333332
1467,남쪽으로 튀어,2115557.2857142854,8.688571428571429
1468,하늘에서 음식이 내린다면 2,931785.7142857143,7.934285714285714
1469,잭 리처,314000.0,8.042
1470,반창꼬,1662500.0,8.22375
1471,더 파이브,730000.0,6.15
1472,더 임파서블,1308032.6,8.41
1473,인시디어스: 두번째 집,960142.8571428572,7.881428571428572
1474,섀도우 헌터스: 뼈의 도시,284142.3333333333,8.226666666666667
1475,화이트 하우스 다운,1906000.0,7.286
1476,애프터 어스,580250.0,6.857500000000001
1477,퍼시 잭슨과 괴물의 바다,510000.0,7.78
1478,남자사용설명서,0.0,0.0
1479,다이노소어 어드벤처 3D,337750.0,8.347999999999999
1480,무서운 이야기 2,776523.0520833334,7.201875000000001
1481,썬더와 마법저택,570714.2857142857,8.748571428571429
1482,노브레싱,5224200.0,8.462
1483,클라우드 아틀라스,516551.2222222222,7.827777777777778
1484,창수,275000.0,7.84
1485,명탐정 코난 : 수평선상의 음모,191857.14285714287,8.218571428571426
1486,론 레인저,1731666.6666666667,7.851666666666667
1487,오즈 그레이트 앤드 파워풀,496666.6666666667,7.933333333333333
1488,미나문방구,567500.0,7.7925
1489,차이니즈 조디악,8942.0,5.482857142857142
1490,빌리와 용감한 녀석들 2,300000.0,7.33
1491,이스케이프 플랜,171627.6,7.733
1492,장고:분노의 추적자,220000.0,8.466666666666667
1493,밤의 여왕,584666.6666666666,7.623333333333332
1494,캡틴 필립스,979500.0,8.428333333333333
1495,잠베지아: 신비한 나무섬의 비밀,470000.0,8.7
1496,분노의 윤리학,734529.9166666666,7.595000000000001
1497,세이빙 산타,230000.0,7.78
1498,호빗: 뜻밖의 여정,1802000.0,8.104
1499,비포 미드나잇,47395.6,8.354000000000001
1500,응징자,0.0,0.0
1501,프리즈너스,402423.8571428572,8.262857142857143
1502,마이 리틀 히어로,2857500.0,6.954000000000001
1503,해양경찰 마르코,180000.0,6.9
1504,백악관 최후의 날,367666.6666666667,8.196666666666667
1505,로마 위드 러브,92360.0,7.762321428571429
1506,명탐정 코난:은빛 날개의 마술사,191857.14285714287,8.218571428571426
1507,톱스타,2767320.125,8.00375
1508,엔더스 게임,392153.2,8.068
1509,더 자이언트,150000.0,7.94
1510,가문의 영광5 - 가문의 귀환,0.0,0.0
1511,안나 카레니나,113402.0,7.4700000000000015
1512,지슬 - 끝나지 않은 세월2,29309.0,6.468000000000001
1513,블루 재스민,60000.0,7.565
1514,더 퍼지,0.0,0.0
1515,리딕,240000.0,7.586666666666666
1516,러시 : 더 라이벌,208146.7142857143,8.395714285714286
1517,실버라이닝 플레이북,3156098.5,8.601833333333333
1518,버틀러: 대통령의 집사,40287.125,7.87125
1519,극장판 도라에몽: 진구의 비밀도구 박물관,186666.66666666663,8.803333333333333
1520,배우는 배우다,295564.0,8.5025
1521,제로 다크 서티,0.0,0.0
1522,마지막 4중주,0.0,0.0
1523,월터의 상상은 현실이 된다,296954.25,7.734999999999999
1524,일대종사,40093.66666666666,8.2125
1525,R.I.P.D. : 알.아이.피.디.,242001.0,7.401428571428572
1526,로덴시아: 마법왕국의 전설,99000.0,7.43
1527,원피스 극장판 Z,64500.0,9.25
1528,뷰티풀 크리처스,142800.0,7.938
1529,토토의 움직이는 숲,59000.0,7.01
1530,쿵후팬더: 영웅의 탄생,23045.5,5.624761904761904
1531,니모를 찾아서,1758333.3333333333,8.623333333333333
1532,오싱,37720.0,8.280000000000001
1533,화이트 고릴라,72000.0,8.11
1534,투 마더스,18260.4,6.624
1535,피노키오: 당나귀 섬의 비밀,69000.0,7.0
1536,우리 선희,8082.5625,7.4399999999999995
1537,닥터,354000.0,7.007499999999999
1538,토니 스토리: 깡통제국의 비밀,30301.33333333333,7.403333333333333
1539,정글번치 : 빙산으로의 귀환,42666.66666666666,7.42
1540,에반게리온: Q,36512.0,7.022
1541,산타의 매직 크리스탈,103250.0,7.5325
1542,아무르,17740.5,7.613333333333332
1543,호프 스프링즈,429000.0,8.6475
1544,돌핀 : 꿈꾸는 다니엘의 용감한 모험,24250.0,6.630000000000001
1545,꼬마영웅 경찰차 프로디,21553.5,6.79
1546,스카이포스 3D,52000.0,5.575
1547,언어의 정원,778151.0,8.440000000000001
1548,그렇게 아버지가 된다,60928.333333333336,8.276666666666666
1549,적인걸2 : 신도해왕의 비밀,4236.75,6.964
1550,슈퍼윙스 3D,0.0,0.0
1551,러브레터,15325.6,7.491666666666667
1552,나의 PS 파트너,930289.3333333334,7.98
1553,호두까기인형 3D,464417.0,7.529166666666667
1554,프리버즈: 밍쿠와 찌아의 도시 대탈출,45000.0,3.61
1555,글래디에이터: 로마 영웅 탄생의 비밀 3D,44000.0,5.19
1556,드래곤볼Z : 신들의 전쟁,44000.0,8.08
1557,레옹,137200.0,7.186000000000002
1558,쥬라기 공원,0.0,4.872857142857143
1559,스니치,136036.75,8.102
1560,끝과 시작,597339.25,7.911250000000001
1561,폭풍우 치는 밤에: 비밀 친구,12806.666666666666,8.228333333333333
1562,사이드 이펙트,272770.2,7.041999999999999
1563,극장판 썬더일레븐 GO VS 골판지 전사 W,80000.0,8.666666666666666
1564,에코 플래닛 3D : 지구 구출 특급 대작전,18610.5,8.45
1565,문라이즈 킹덤,187712.0,8.472
1566,누구의 딸도 아닌 해원,15153.125,7.83
1567,더 헌트,17095.6,7.630000000000001
1568,마스터,3545000.0,7.565
1569,빅 웨딩,135000.0,8.1
1570,어떤 시선,79016.93650793652,7.9787301587301585
1571,극장판 나루토 질풍전: 로드 투 닌자,0.0,0.0
1572,러브액츄얼리: 크리스마스 에디션,1029000.0,8.898571428571428
1573,원 데이,48802.0,7.502
1574,쾌걸 조로리의 대대대대모험,16492.5,4.875
1575,코비: 블루 엘리펀트의 전설,28000.0,8.54
1576,시네마 천국,29061.5,8.285
1577,8월의 크리스마스,1718000.0,7.228333333333334
1578,부에노스 아이레스에서 사랑에 빠질 확률,24000.0,8.18
1579,26년,609608.5,7.803142857142857
1580,알렉스 크로스,1062600.0,6.896000000000001
1581,프라미스드 랜드,12719.333333333334,7.435
1582,잉여들의 히치하이킹,1104303.2083333333,7.797083333333333
1583,까밀 리와인드,2946.5,6.58
1584,사이비,2784166.6666666665,7.096666666666668
1585,플레이스 비욘드 더 파인즈,3127166.6666666665,8.856000000000002
1586,천안함 프로젝트,952875.5,6.275
1587,아기기린 자라파,17077.0,8.965
1588,플라이트,1085250.0,8.56
1589,완전 소중한 사랑,316666.6666666667,7.419999999999999
1590,꼬마마녀 요요와 네네,11555.5,9.04
1591,러브레이스,20000.0,7.55
1592,세상의 끝까지 21일,32000.0,7.78
1593,가디언즈,0.0,0.0
1594,극장판 포켓몬스터 베스트위시「큐레무 VS 성검사 케르디오」,256714.2857142857,8.587142857142856
1595,부도리의 꿈,90326.66666666669,7.1066666666666665
1596,셰임,175725.0,8.416666666666666
1597,이별계약,621600.0,6.061428571428571
1598,홀리 모터스,34333.333333333336,7.8025
1599,잉투기,96967.0,7.906666666666667
1600,인 더 하우스,11905.0,8.185714285714285
1601,타이치0 3D,9317.5,5.806666666666668
1602,앤젤스 셰어: 천사를 위한 위스키,41250.0,8.6775
1603,월플라워,943500.0,8.566666666666668
1604,미스터 노바디,41365.66666666666,8.135
1605,로얄 어페어,40428.66666666666,7.94
1606,호비와 후후의 대모험: 무지개꽃을 구하라,15666.666666666666,8.700000000000001
1607,쇼를 사랑한 남자,272770.2,7.041999999999999
1608,데드폴,15500.0,7.2
1609,공정사회,8547.25,7.63
1610,아티스트 봉만대,115577.0,7.759999999999999
1611,안녕?! 오케스트라,587200.0,7.665999999999999
1612,어느 예술가의 마지막 일주일,9316.666666666666,6.999999999999999
1613,터미네이터 2 : 심판의 날 감독판,1093842.25,8.675
1614,피치 퍼펙트,0.0,0.0
1615,48미터,36000.0,6.0600000000000005
1616,올 이즈 로스트,41333.333333333336,8.286666666666667
1617,사랑은 타이핑 중!,13000.0,8.48
1618,새 구두를 사야해,36693.0,7.963333333333334
1619,킥 애스 2 : 겁없는 녀석들,0.0,0.0
1620,코스모폴리스,16305.0,7.418000000000001
1621,아유레디?,0.0,0.0
1622,극장판 토리코 : 미식신의 스페셜메뉴,13000.0,9.06
1623,토마스와 친구들: 블루마운틴 미스터리,95600.0,7.531999999999999
1624,세션 : 이 남자가 사랑하는 법,29500.0,8.23
1625,페어리테일: 봉황의 무녀,26728.33333333333,9.0275
1626,소명 하늘의 별,43000.0,8.702499999999999
1627,파라노만,134166.66666666666,7.796666666666667
1628,"다시, 뜨겁게 사랑하라!",22509.85714285714,8.005714285714285
1629,로봇 앤 프랭크,10000.0,6.99
1630,당신에게도 사랑이 다시 찾아올까요?,23767.0,7.416666666666667
1631,나에게서 온 편지,0.0,0.0
1632,라스트 엑소시즘: 잠들지 않는 영혼,0.0,0.0
1633,메탈리카 스루 더 네버,56948.4,7.244
1634,로렌스 애니웨이,109403.16666666669,7.994
1635,킬링시즌,107470.83333333331,5.961428571428571
1636,"페어웰, 마이 퀸",177035.66666666666,7.43
1637,연애의 기술,291.5,3.843333333333333
1638,초한지: 영웅의 부활,8722.0,8.58
1639,노킹 온 헤븐스 도어,0.0,9.12
1640,폭스파이어,8253.0,7.745
1641,날아라! 호빵맨 극장판: 구하라! 코코링과 기적의 별,11799.5,7.775
1642,춤추는 숲,6168.666666666667,7.985
1643,"가자, 장미여관으로",2105.6666666666665,5.458
1644,알라딘,5043333.333333333,9.032857142857145
1645,백두산,4193250.0,7.78225
1646,라이온 킹,341304.9166666667,8.277428571428572
1647,돈,2525857.1428571427,7.347142857142858
1648,증인,0.0,0.0
1649,사자,3325204.571428572,8.112857142857141
1650,생일,0.0,0.0
1651,레드슈즈,0.0,0.0
1652,장난스런 키스,420000.0,8.835
1653,범블비,428250.0,8.459999999999999
1654,러브 유어셀프 인 서울,965.25,8.74
1655,예스터데이,983333.3333333334,5.878333333333334
1656,라스트 크리스마스,571833.3333333334,7.978333333333334
1657,비스트,6153.0,6.385
1658,언니,0.0,0.0
1659,언더독,1427619.7666666666,8.319166666666668
1660,앵그리 버드 2: 독수리 왕국의 침공,180000.0,8.96
1661,벌새,0.0,0.0
1662,바이스,0.0,0.0
1663,안나,17000.0,8.66
1664,로켓맨,0.0,0.0
1665,아이 엠 마더,430959.375,7.601249999999999
1666,김복동,89000.0,9.83
1667,로망,0.0,0.0
1668,노팅 힐,61205.25,7.8625
1669,더 룸,0.0,0.0
1670,우리집,0.0,0.0
1671,어글리 돌,877333.3333333334,8.345714285714285
1672,콜레트,0.0,0.0
1673,허슬러,32000.0,7.78
1674,레플리카,648666.6666666666,8.103333333333333
1675,몬스터 파크,38000.0,7.62
1676,안도 타다오,0.0,0.0
1677,빠삐용,35000.0,8.86
1678,빅 위시,0.0,0.0
1679,마녀배달부 키키,32582.0,8.001666666666667
1680,북클럽,0.0,0.0
1681,캐리tv 러브콘서트 더 무비,0.0,0.0
1682,"다시, 봄",0.0,0.0
1683,플레이모빌: 더 무비,3022250.0,8.9525
1684,콜드 워,0.0,0.0
1685,세계는 오늘부터 너의 것,0.0,0.0
1686,BIFAN2019 판타스틱 단편 걸작선 1,25000.0,0.0
1687,마녀: 소녀의 비밀,0.0,0.0
1688,이스케이프 게임,0.0,0.0
1689,사이코패스,22000.0,0.0
1690,로마,0.0,8.514
1691,매트릭스,660000.0,7.986666666666667
1692,리노,21000.0,8.51
1693,물의 기억,0.0,8.335
1694,레토,23000.0,8.44
1695,데드 트리거,0.0,0.0
1696,경계선,18000.0,0.0
1697,빌리어네어 보이즈클럽,17000.0,5.89
1698,호크니,17000.0,8.25
1699,조,22757.2,7.287999999999999
1700,아이스,0.0,0.0
1701,김군,11571.714285714286,9.114285714285716
1702,와일드 로즈,35162.0,8.213333333333335
1703,돈 워리,0.0,0.0
1704,삽질,0.0,0.0
1705,해치지않아,1293333.3333333333,7.617500000000001
1706,모리스,0.0,0.0
1707,카센타,418333.3333333333,5.58
1708,킹 오브 프리즘 ?샤이니 세븐 스타즈- IV 루이x신x언노운,0.0,0.0
1709,버티고,0.0,0.0
1710,별의 정원,0.0,0.0
1711,코코,2790000.0,9.245714285714287
1712,서치,120000.0,8.64
1713,너의 결혼식,0.0,0.0
1714,곤지암,1041666.6666666666,6.956666666666667
1715,레디 플레이어 원,1896000.0,7.613999999999999
1716,도어락,498750.0,6.878571428571428
1717,궁합,741939.3333333334,7.275714285714287
1718,범블비,428250.0,8.459999999999999
1719,챔피언,891225.8,7.212000000000001
1720,상류사회,740000.0,5.572
1721,피터 래빗,230000.0,8.585
1722,번 더 스테이지: 더 무비,0.0,0.0
1723,커뮤터,0.0,0.0
1724,후드,0.0,0.0
1725,바울,270000.0,9.49
1726,치즈인더트랩,584666.6666666666,7.623333333333332
1727,나미야 잡화점의 기적,2098.0,8.14
1728,업그레이드,1213333.3333333333,7.438571428571429
1729,극장판 도라에몽: 진구의 보물섬,0.0,0.0
1730,당갈,0.0,0.0
1731,할로윈,47485.25,5.973999999999999
1732,게이트,0.0,0.0
1733,미니특공대X,71250.0,7.9275
1734,커다랗고 커다랗고 커다란 배,0.0,0.0
1735,루이스,0.0,0.0
1736,출국,1295500.0,7.534000000000001
1737,레오나르도 다 빈치,0.0,0.0
1738,매직빈,57000.0,7.4
1739,데자뷰,0.0,0.0
1740,에그엔젤 코코밍: 두근두근 핼러윈 파티,0.0,0.0
1741,타샤 튜더,0.0,0.0
1742,플로이,0.0,0.0
1743,다이노 어드벤처2: 육해공 공룡 대백과,0.0,0.0
1744,배반의 장미,0.0,0.0
1745,패터슨,22663.0,8.085
1746,반딧불이 딘딘,19601.0,7.35
1747,스파키,35000.0,8.18
1748,에브리데이,9233.6,6.506
1749,지구: 놀라운 하루,35869.46666666667,7.460285714285715
1750,달링,0.0,0.0
1751,투 프렌즈,0.0,0.0
1752,해피 투게더,40093.66666666666,8.2125
1753,중2병이라도 사랑이 하고 싶어! 테이크 온 미,0.0,0.0
1754,쿵푸몽키,202000.0,7.576666666666667
1755,영주,217491.0,8.182
1756,디트로이트,97666.66666666669,8.154285714285715
1757,윌리,23000.0,6.2524999999999995
1758,휘트니,18794.75,8.6525
1759,로마,0.0,8.514
1760,극장판 프리파라 모두의 동경♪ 렛츠고☆프리파리,57000.0,8.25
1761,러빙 빈센트 : 비하인드 에디션,0.0,0.0
1762,픽시,0.0,0.0
1763,트와이스랜드,0.0,0.0
1764,임을 위한 행진곡,18000.0,3.733333333333333
1765,아인,20500.0,7.573333333333333
1766,드래곤 프린세스,17000.0,4.67
1767,더 스퀘어,11224.5,8.125
1768,빅 식,0.0,0.0
1769,더 킹,3231666.6666666665,8.051666666666666
1770,미녀와 야수,1832086.3333333333,8.515
1771,보안관,0.0,0.0
1772,모아나,5043333.333333333,9.032857142857145
1773,원더 우먼,48000.0,8.07
1774,하루,914166.6666666666,6.828333333333333
1775,트롤,0.0,0.0
1776,트리플 엑스 리턴즈,995000.0,7.436666666666666
1777,라이프,158026.0,7.48
1778,보통사람,0.0,0.0
1779,어쌔신 크리드,149883.0,7.48
1780,사랑하기 때문에,174161.5,7.95
1781,빅풋 주니어,524857.1428571428,8.525285714285715
1782,판도라,0.0,0.0
1783,어느날,134982.7142857143,7.299999999999999
1784,딥,0.0,0.0
1785,발레리나,0.0,0.0
1786,문라이트,170000.0,8.4
1787,채비,0.0,0.0
1788,레고 닌자고 무비,79471.0,7.148928571428571
1789,눈길,0.0,0.0
1790,라이언,65500.0,8.57
1791,더 테이블,39023.666666666664,7.529999999999999
1792,루시드 드림,1641.6666666666667,6.003333333333333
1793,김광석,0.0,0.0
1794,노 게임 노 라이프 -제로-,0.0,0.0
1795,오두막,40108.5,7.845000000000001
1796,더 서클,0.0,0.0
1797,래빗 스쿨,25185.33333333333,7.896666666666667
1798,언더더씨,0.0,0.0
1799,댄서,22656.0,6.955
1800,레이디버그,0.0,0.0
1801,산상수훈,370000.0,6.48
1802,흑집사 -북 오브 더 아틀란틱-,0.0,0.0
1803,헤드윅,16000.0,8.28
1804,극장판 프리파라 모두의 동경♪ 렛츠고☆프리파리,57000.0,8.25
1805,다크 하우스,44562.5,5.75
1806,반지의 제왕 : 반지원정대 (확장판),0.0,0.0
1807,엘르,55155.5,7.069999999999999
1808,피터와 모글리의 크리스마스 어드벤처,22445.5,6.27
1809,판타스틱 단편 걸작선 1,0.0,0.0
1810,루터,32000.0,9.1
1811,반지의 제왕 : 왕의 귀환 (확장판),0.0,0.0
1812,패터슨,22663.0,8.085
1813,분노,0.0,0.0
1814,키드냅,14210.0,6.779999999999999
1815,반지의 제왕 : 두개의 탑 (확장판),0.0,0.0
1816,지니어스,0.0,0.0
1817,몬스터 섬의 비밀,27000.0,8.25
1818,메소드,724525.8571428572,8.12
1819,골드,248300.16666666666,8.021666666666667
1820,아우토반,22000.0,6.675
1821,클로저,200000.0,7.596666666666668
1822,빌리 엘리어트,166333.33333333334,9.01
1823,언프렌드,20000.0,7.666666666666667
1824,프란츠,11905.0,8.185714285714285
1825,은혼,35000.0,9.29
1826,터널,3936750.0,7.456000000000001
1827,럭키,1778465.8333333333,8.433333333333332
1828,판도라,0.0,0.0
1829,히말라야,4386000.0,7.952499999999999
1830,정글북,22445.5,6.27
1831,미 비포 유,0.0,0.0
1832,스플릿,1513333.3333333333,8.393333333333333
1833,사냥,395000.0,5.07
1834,설리: 허드슨강의 기적,353333.3333333333,8.85
1835,나를 잊지 말아요,0.0,0.0
1836,캐롤,99458.4,8.28
1837,스포트라이트,257666.66666666663,8.199999999999998
1838,순정,0.0,0.0
1839,드림 쏭,0.0,0.0
1840,노트북,87250.0,7.414999999999999
1841,부활,56935.66666666666,8.531666666666666
1842,조이,3156098.5,8.601833333333333
1843,빅,0.0,0.0
1844,어린왕자,1763333.3333333333,8.673333333333334
1845,서울역,2784166.6666666665,7.096666666666668
1846,자백,0.0,0.0
1847,장난감이 살아있다,56500.0,6.945
1848,플로렌스,46075.25,8.4625
1849,로빈슨 크루소,570714.2857142857,8.748571428571429
1850,최강전사 미니특공대: 영웅의 탄생,71250.0,7.9275
1851,다이노소어 어드벤처 : 백악기 공룡대백과,337750.0,8.347999999999999
1852,킹 오브 프리즘 (바이 프리티 리듬),0.0,0.0
1853,일사각오,0.0,0.0
1854,유스,28059.2,7.795
1855,번개맨,0.0,0.0
1856,이퀄스,0.0,0.0
1857,스티브 잡스,114892.2,8.536
1858,올레,67000.0,8.38
1859,레터스 투 갓,0.0,0.0
1860,극장판 파워레인저: 닌자포스 VS 트레인포스 닌자 인 원더랜드,42500.0,8.655000000000001
1861,그물,0.0,0.0
1862,빅뱅 메이드,0.0,0.0
1863,순종,0.0,0.0
1864,브루클린,24288.33333333333,7.96
1865,BIFAN2016 판타스틱 단편 걸작선 1,0.0,0.0
1866,33,39333.333333333336,8.85
1867,잔예 - 살아서는 안되는 방,0.0,0.0
1868,동급생,0.0,0.0
1869,트릭,0.0,0.0
1870,파워배틀 와치카 미니카 배틀리그: 불꽃의 질주,71250.0,7.9275
1871,태양 아래,0.0,0.0
1872,대결,0.0,0.0
1873,미스터 캣,0.0,0.0
1874,히야,0.0,0.0
1875,커터,0.0,0.0
1876,프란치스코,766.0,9.39
1877,시카고,1004000.0,7.535
1878,사랑하기 때문에,174161.5,7.95
1879,리틀 폭스,0.0,0.0
1880,예전부터 계속 좋아했어 ~고백실행위원회~,0.0,0.0
1881,더 웨이브,0.0,0.0
1882,쥬라기 월드,0.0,0.0
1883,히말라야,4386000.0,7.952499999999999
1884,인턴,1028400.0,8.618333333333334
1885,미니언즈,1812500.0,8.875714285714286
1886,뷰티 인사이드,0.0,0.0
1887,마다가스카의 펭귄,1459603.1746031747,8.550873015873016
1888,차이나타운,0.0,0.0
1889,신데렐라,303500.0,8.006
1890,픽셀,856000.0,8.163333333333334
1891,오피스,2336857.1428571427,8.212857142857143
1892,어린왕자,1763333.3333333333,8.673333333333334
1893,치외법권,0.0,0.0
1894,에베레스트,112451.5,7.858
1895,극적인 하룻밤,265000.0,6.456666666666667
1896,패딩턴,0.0,0.0
1897,백 투 더 비기닝,0.0,0.0
1898,팬,0.0,0.0
1899,센과 치히로의 행방불명,32582.0,8.001666666666667
1900,화장,47205.57142857143,6.988571428571428
1901,심야식당,0.0,0.0
1902,존 윅,0.0,0.0
1903,프리덤,100000.0,8.45
1904,사우스포,367666.6666666667,8.196666666666667
1905,돌연변이,1167500.0,7.609999999999999
1906,맥베스,149883.0,7.48
1907,숀더쉽,13000.0,9.72
1908,와일드,45653.2,8.408
1909,파더 앤 도터,0.0,0.0
1910,말할 수 없는 비밀,0.0,0.0
1911,비밀,0.0,0.0
1912,송 원,120000.0,6.953333333333333
1913,이스케이프,79000.0,7.795
1914,한 번 더 해피엔딩,0.0,0.0
1915,일곱난쟁이,220000.0,7.93
1916,코블러,546788.6333333333,8.436666666666666
1917,타이밍,39000.0,7.8066666666666675
1918,팔로우,0.0,0.0
1919,더 테너 리리코 스핀토,0.0,0.0
1920,파울볼,625453.3333333334,9.15
1921,아이돌 마스터 무비 : 빛의 저편으로!,29000.0,9.26
1922,라자루스,14488.5,6.97
1923,몬스터 헌트,0.0,0.0
1924,트레이서,13186.0,7.105
1925,트래쉬,166333.33333333334,9.01
1926,아마조니아,42000.0,8.095
1927,사이코패스,22000.0,0.0
1928,마미,109403.16666666669,7.994
1929,라이프,158026.0,7.48
1930,마돈나,13190.4,8.248000000000001
1931,유아 낫 유,0.0,0.0
1932,나쁜 나라,12343.0,9.405
1933,셀마,16000.0,8.47
1934,순교,24419.666666666668,9.365
1935,이다,17088.0,7.670000000000001
1936,꼬마 유령,9742.5,7.485
1937,엘리펀트 송,109403.16666666669,7.994
1938,리틀 보이,0.0,0.0
1939,호비와 엄마나무섬의 비밀,15666.666666666666,8.700000000000001
1940,해피 홀리데이,14000.0,7.8
1941,아마데우스 감독판,0.0,0.0
1942,블랙버드,0.0,0.0
1943,폴라로이드,28739.0,8.095
1944,타투,847205.4,6.9471428571428575
1945,카이트,0.0,0.0
1946,에이미,10482.5,9.035
1947,블러바드,14409.333333333334,5.843333333333334
1948,겨울왕국,8351666.666666666,8.867083333333333
1949,신의 한 수,1075099.5,8.69
1950,논스톱,0.0,0.0
1951,인투 더 스톰,0.0,0.0
1952,노아,559095.5714285715,7.718571428571428
1953,루시,137200.0,7.186000000000002
1954,해무(海霧),0.0,0.0
1955,애나벨,0.0,0.0
1956,카트,125195.42857142857,7.757142857142857
1957,고질라,1906000.0,7.286
1958,어바웃 타임,1029000.0,8.898571428571428
1959,몬스터,1152285.7142857143,7.141428571428572
1960,신이 보낸 사람,211427.5,7.115
1961,하이힐,758166.6666666666,6.985
1962,"극장판 포켓몬스터 베스트위시: 신의 속도 게노세크트, 뮤츠의 각성",256714.2857142857,8.587142857142856
1963,레드카펫,0.0,0.0
1964,미녀와 야수,1832086.3333333333,8.515
1965,프랑켄슈타인: 불멸의 영웅,0.0,0.0
1966,오큘러스,0.0,0.0
1967,마야,0.0,0.0
1968,창문 넘어 도망친 100세 노인,240000.0,8.17
1969,레고 무비,1609714.2857142857,8.564285714285713
1970,저스틴,0.0,0.0
1971,"극장판 파워레인저 다이노포스VS고버스터즈 공룡 대결전! ~안녕, 영원한 친구여!~",0.0,0.0
1972,론 서바이버,0.0,4.75
1973,일곱난쟁이,220000.0,7.93
1974,하울의 움직이는 성,32582.0,8.001666666666667
1975,폴리스 스토리 2014,22639.8,5.703095238095237
1976,마다가스카의 펭귄,1459603.1746031747,8.550873015873016
1977,가시,0.0,0.0
1978,맨홀,65506.0,6.54
1979,터키,370000.0,8.075
1980,슈퍼미니,70500.0,7.865
1981,짱구는 못말려 극장판：엄청 맛있어! B급 음식 서바이벌!,183500.0,8.719999999999999
1982,정글히어로,509.0,3.65
1983,경주,681319.75,7.800833333333333
1984,다이애나,0.0,0.0
1985,프랭크,71500.0,8.739999999999998
1986,다이빙벨,26517.0,9.425
1987,설계,23141.5,6.4
1988,울브스,0.0,0.0
1989,몬스터 왕국,59000.0,7.01
1990,만신,0.0,0.0
1991,목숨,0.0,0.0
1992,마미,109403.16666666669,7.994
1993,마이 블랭키,33000.0,6.49
1994,어떤 만남,0.0,0.0
1995,꼬마영웅 경찰차 프로디2,21553.5,6.79
1996,비행기,0.0,0.0
1997,GROW: 인피니트의 리얼 청춘 라이프,0.0,0.0
1998,타임 투 러브,24000.0,5.859999999999999
1999,디노타샤: 공룡대탐험,3784.875,7.52
2000,천하무적 키코리키,23333.33333333333,6.4
2001,60만번의 트라이,22000.0,9.18
2002,그랜드 피아노,0.0,0.0
2003,누구에게나 찬란한,93333.33333333331,9.013333333333334
2004,에코,124500.0,7.09
2005,빌리 엘리어트 뮤지컬 라이브,0.0,0.0
2006,비포 : 치즈와 초콜릿을 찾아서,11604.0,6.92
2007,스톤,18000.0,7.883333333333333
2008,본타: 땅콩왕국의 전설,13778.0,5.234999999999999
2009,캡틴 하록,6236.0,7.526666666666666
2010,더 테너 리리코 스핀토,0.0,0.0
2011,호비와 쿠우의 어드벤처 : 고래의 노래,16500.0,8.551666666666666
2012,프라이버시,24288.33333333333,7.96
2013,산타바바라,0.0,0.0
2014,봄,1192000.0,7.0842857142857145
2015,피노키오의 모험,0.0,0.0
2016,런치박스,28500.0,8.24
2017,피막,281857.0,6.475
2018,중2병이라도 사랑이 하고 싶어! 극장판,17771.25,8.3075
2019,캐치미,0.0,0.0
2020,그 사람 추기경,1140500.0,8.485
2021,황금시대,8712.0,8.030000000000001
2022,할리데이,189000.0,6.956
2023,세이빙 미스터 뱅크스,0.0,0.0
2024,시선,0.0,0.0
2025,로미오와 줄리엣,0.0,0.0
2026,르누아르,12000.0,7.68
2027,피쉬와 칩스 극장판,27250.0,6.495
2028,현기증,5243.666666666667,7.7475
2029,월드 워 Z,0.0,0.0
2030,감기,0.0,0.0
2031,어바웃 타임,1029000.0,8.898571428571428
2032,소원,1429000.0,8.3925
2033,퍼시픽 림,0.0,0.0
2034,몽타주,2090000.0,6.005
2035,터보,1622500.0,8.202499999999999
2036,런닝맨,1996666.6666666667,7.857499999999999
2037,에픽 : 숲속의 전설,791428.5714285715,8.63
2038,전국노래자랑,0.0,0.0
2039,몬스터 호텔,1153333.3333333333,8.516666666666667
2040,열한시,0.0,0.0
2041,사이코메트리,0.0,0.0
2042,캐치미,0.0,0.0
2043,스토커,3572500.0,7.492500000000001
2044,주먹왕 랄프,2453333.333333333,9.213333333333331
2045,눈의 여왕,0.0,0.0
2046,롤러코스터,5016000.0,7.958000000000001
2047,헨젤과 그레텔: 마녀 사냥꾼 3D,0.0,0.0
2048,파이스토리 : 악당상어 소탕작전,159625.0,7.7909999999999995
2049,잡스,0.0,0.0
2050,짱구는 못말려 극장판:태풍을 부르는 나와 우주의 프린세스,0.0,0.0
2051,송 포 유,0.0,0.0
2052,비행기,0.0,0.0
2053,노리개,0.0,0.0
2054,니코: 산타비행단의 모험,261250.0,8.4325
2055,히든 카드,388005.8333333333,7.84
2056,링컨,1896000.0,7.613999999999999
2057,카운슬러,203108.6,8.402000000000001
2058,바람이 분다,2857500.0,6.954000000000001
2059,마마,7041.5,8.4275
2060,몬스터 주식회사,1640000.0,9.093809523809524
2061,더 콜,0.0,0.0
2062,라스트 스탠드,0.0,0.0
2063,웃는 남자,33602.5,8.48
2064,길위에서,0.0,0.0
2065,블랙 가스펠,68117.66666666667,8.673333333333334
2066,뜨거운 안녕,47000.0,8.94
2067,호스트,14000.0,6.68
2068,세이프 헤이븐,0.0,0.0
2069,저스틴,0.0,0.0
2070,뫼비우스,0.0,0.0
2071,드래곤 헌터,29000.0,6.84
2072,러스트 앤 본,0.0,0.0
2073,꼭두각시,177091.0,7.118
2074,머드,24203.5,8.350000000000001
2075,스파이크,42666.66666666666,7.42
2076,빅 픽처,34262.6,7.258571428571429
2077,히어로,1218.0,8.02
2078,빨간머리 앤 : 그린게이블로 가는 길,9260.5,8.094285714285714
2079,디스커넥트,174.0,0.0
2080,짓,361034.3333333333,6.473333333333334
2081,그랑블루 리마스터링 감독판,0.0,0.0
2082,소녀,0.0,0.0
2083,테이크다운,22000.0,6.675
2084,퍼펙트,10643.0,7.425
2085,터치 오브 라이트,17000.0,8.87
2086,명왕성,0.0,0.0
2087,베이트,0.0,0.0
2088,극장판 포켓몬스터 베스트위시「메로엣타의 반짝반짝 음악회」,0.0,0.0
2089,갬빗,22986.633333333335,7.2875
2090,브로큰 시티,101666.66666666669,6.7125
2091,콰르텟,835910.6,8.673333333333334
2092,슈퍼히어로,24250.0,6.630000000000001
2093,모래가 흐르는 강,0.0,0.0
2094,쉐프,0.0,0.0
2095,콜렉션,33490.25,6.375
2096,드림팀,101096.6,7.484
2097,라 붐,9497.0,8.25
2098,화양연화,40093.66666666666,8.2125
