,name,actor1.0_a_avg,actor1.0_r_avg
0,극한직업,3076694.330555555,8.114222222222223
1,어벤져스: 엔드게임,5465017.255952381,8.625306277056277
2,겨울왕국 2,6557500.0,9.025
3,기생충,2908266.093253968,7.966833333333334
4,엑시트,3829125.0,8.305
5,스파이더맨: 파 프롬 홈,1174444.6666666667,8.083
6,캡틴 마블,2317164.9791666665,7.6825
7,조커,1328000.0,8.629999999999999
8,봉오동 전투,3595793.6507936507,8.472142857142856
9,나쁜 녀석들: 더 무비,3086180.1190476194,8.001523809523809
10,82년생 김지영,4153750.0,8.4925
11,분노의 질주: 홉스&쇼,2083088.2395833333,8.197479166666668
12,토이 스토리 4,1378454.3055555557,8.675476190476191
13,악인전,3456666.6666666665,8.212
14,가장 보통의 연애,1515149.0,8.087857142857143
15,말모이,3328303.5714285714,8.351517857142857
16,시동,2008688.4,7.8184
17,블랙머니,12334.0,5.975
18,터미네이터: 다크 페이트,1779137.5,8.038999999999998
19,사바하,2630155.2952380953,7.944964285714285
20,타짜: 원 아이드 잭,2291591.476190476,7.6964484126984125
21,신의 한 수: 귀수편,1480380.9523809524,8.152000000000001
22,알리타: 배틀 엔젤,1184310.5566666666,8.018899999999999
23,내안의 그놈,2554933.3333333335,8.534333333333334
24,뺑반,2947956.476190476,8.284999999999998
25,변신,15302.041666666664,6.682499999999999
26,주먹왕 랄프 2: 인터넷 속으로,954921.8611111111,8.706666666666667
27,걸캅스,1088000.0,8.411666666666667
28,아쿠아맨,1508347.657142857,8.078466666666666
29,드래곤 길들이기 3,1066110.9777777777,8.362416666666666
30,나의 특별한 형제,1912277.777777778,8.152460317460317
31,어스,0.0,0.0
32,말레피센트 2,1109774.4222222222,7.870333333333332
33,유열의 음악앨범,1017690.3333333333,7.495833333333334
34,퍼펙트맨,23050.0,6.635
35,포드 V 페라리,650778.75,8.325
36,"힘을 내요, 미스터 리",1196757.8499999999,7.848785714285714
37,항거:유관순 이야기,873049.2041666666,8.5170625
38,장사리 : 잊혀진 영웅들,1285873.5,8.101527777777777
39,마이펫의 이중생활 2,874638.861111111,8.403055555555556
40,롱 리브 더 킹: 목포 영웅,1579738.0952380954,8.095297619047619
41,쥬만지: 넥스트 레벨,2253638.888888889,8.464
42,존 윅 3: 파라벨룸,1113087.75,7.101999999999999
43,천문: 하늘에 묻는다,2048750.0,8.076458333333333
44,나랏말싸미,3258744.4285714286,7.800761904761905
45,엑스맨: 다크 피닉스,714152.2102040817,7.6952585034013605
46,맨 인 블랙: 인터내셔널,5584500.0,8.516666666666666
47,뽀로로 극장판 보물섬 대모험,776101.2857142857,7.6657142857142855
48,캣츠,105242.18333333335,7.154999999999999
49,보헤미안 랩소디,4385719.933333333,8.6963
50,명탐정 피카츄,270279.0,8.226666666666667
51,신비아파트 극장판 하늘도깨비 대 요르문간드,64971.375,7.928125
52,나이브스 아웃,451817.7214285714,8.034982993197278
53,샤잠!,705299.3,8.121
54,날씨의 아이,783937.4404761904,8.034960317460317
55,나를 찾아줘,316537.6333333333,7.952999999999999
56,광대들: 풍문조작단,1028463.9319727892,7.74752380952381
57,그것: 두 번째 이야기,787746.6904761906,8.006380952380953
58,극장판 헬로카봇 : 달나라를 구해줘!,0.0,8.3125
59,극장판 헬로카봇: 옴파로스 섬의 비밀,0.0,0.0
60,이스케이프 룸,774.0,4.803333333333333
61,양자물리학,1385514.6238095239,7.380444444444444
62,애드 아스트라,347500.0,8.351666666666667
63,47미터 2,406584.0625,8.151875
64,PMC: 더 벙커,3629666.6666666665,7.794833333333335
65,애나벨 집으로,767727.4,7.794
66,감쪽같은 그녀,4063403.0238095233,8.316547619047618
67,글래스,0.0,0.0
68,그린 북,357279.3666666667,8.6725
69,해피 데스데이 2 유,538958.0,8.206388888888888
70,극장판 공룡메카드: 타이니소어의 섬,870000.0,7.72
71,제미니 맨,0.0,0.0
72,고질라: 킹 오브 몬스터,430470.06666666665,8.190761904761905
73,덤보,3938.0,8.941666666666668
74,브링 더 소울 : 더 무비,0.0,6.14
75,아담스 패밀리,363474.53968253965,7.5205753968253966
76,헬보이,72667.12666666666,6.9239999999999995
77,천로역정: 천국을 찾아서,1776713.3333333333,8.67
78,미성년,2461007.1885714284,8.395142857142858
79,배심원들,138733.63333333333,8.463333333333335
80,기방도령,1659703.0375,7.607833333333332
81,신데렐라:마법 반지의 비밀,796530.2857142857,7.407142857142857
82,원스 어폰 어 타임... 인 할리우드,263471.6222222222,8.21422222222222
83,기묘한 가족,1317500.0,7.9245625
84,악질경찰,70317.5625,7.664333333333334
85,메리 포핀스 리턴즈,413873.9809523809,8.109238095238094
86,명탐정 코난: 감청의 권,0.0,0.0
87,스윙키즈,492250.0,8.290000000000001
88,커런트 워,232482.61666666664,8.2365
89,어린 의뢰인,1486958.763888889,8.324333333333334
90,"안녕, 티라노: 영원히, 함께",305333.3333333333,6.9125
91,요로나의 저주,2467333.333333333,8.605
92,롱 샷,1743151.3333333333,8.367142857142857
93,우상,986777.7777777779,7.644520833333333
94,엔젤 해즈 폴른,238954.83333333334,7.839375
95,두번할까요,1202893.25,7.99575
96,점박이 한반도의 공룡2 : 새로운 낙원,1146615.1428571427,8.586666666666666
97,자전차왕 엄복동,1415403.9285714284,7.5055555555555555
98,진범,763307.5446428572,7.872142857142856
99,더 페이버릿: 여왕의 여자,554932.9682539683,8.80686507936508
100,이웃집 토토로,0.0,9.53
101,가버나움,140000.0,9.54
102,눈의 여왕4,0.0,8.3125
103,크롤,8078.0,6.52
104,극장판 엉덩이 탐정: 화려한 사건 수첩,0.0,0.0
105,해리포터와 비밀의 방,685898.4777777778,7.593444444444445
106,0.0MHz,1134619.6458333335,7.202083333333334
107,좀비랜드: 더블 탭,625718.25,7.943785714285714
108,미드웨이,0.0,7.970000000000001
109,프린스 코기,796530.2857142857,7.407142857142857
110,윤희에게,1099562.8333333333,8.17209523809524
111,명탐정 코난:전율의 악보,0.0,0.0
112,교회오빠,276967.875,7.528888888888889
113,암전,64704.25,7.784583333333334
114,미래의 미라이,96092.875,7.6625
115,람보 : 라스트 워,129255.2,7.380000000000001
116,공포의 묘지,0.0,0.0
117,원더랜드,158595.97222222222,7.03375
118,크게 될 놈,1660684.5833333333,8.0205
119,콜드 체이싱,182666.66666666663,7.198333333333334
120,라스트 미션,1349569.3125,7.904375000000001
121,파이브 피트,372449.2,8.004
122,소피와 드래곤: 마법책의 비밀,4426750.0,7.905
123,러브 앳,41723.0,8.889
124,아내를 죽였다,1173672.8888888888,7.479166666666667
125,구스 베이비,1051617.25,7.94
126,더 보이,109422.23333333335,7.827500000000001
127,레고 무비2,230116.2166666667,8.263333333333332
128,미드소마,391965.8333333333,8.337777777777779
129,그대 이름은 장미,1795439.9438775512,7.793829931972788
130,스파이더맨: 뉴 유니버스,523263.5,8.661166666666665
131,"어쩌다, 결혼",2457714.285714286,7.357857142857144
132,극장판 짱구는 못말려: 아뵤! 쿵후 보이즈 ~라면 대란~,0.0,0.0
133,호텔 뭄바이,434469.5666666667,8.473875
134,카운트다운,213550.0,6.7556666666666665
135,극장판 반지의 비밀일기,3370000.0,7.938333333333333
136,그린치,247190.4,8.548
137,몬스터 하우스,103249.11111111111,7.909999999999999
138,닥터 슬립,585128.119047619,8.332301587301588
139,1919 유관순,168571.33333333334,7.941607142857143
140,안녕 베일리,775326.5166666667,8.306833333333334
141,사탄의 인형,35500.0,6.0725
142,애프터,565306.5,5.220000000000001
143,왓칭,820409.6375,7.677625
144,사일런스,114559.77777777775,7.808333333333334
145,빅샤크2: 해저2만리,83252.04761904762,7.05
146,마약왕,3868066.6666666665,7.999666666666667
147,세상을 바꾼 변호인,143088.8333333333,8.234375
148,슈퍼미니 2,22001.208333333336,8.00625
149,페이트 스테이 나이트 헤븐즈필 제2장 로스트 버터플라이,0.0,0.0
150,업사이드,598149.6507936508,8.439444444444444
151,빅트립: 아기팬더 배달 대모험,0.0,0.0
152,마담 싸이코,106322.88571428573,7.385249999999999
153,쿠르스크,244086.23015873018,8.373968253968254
154,파비안느에 관한 진실,16590.399999999998,7.410166666666666
155,칠곡 가시나들,0.0,0.0
156,일일시호일,43018.15476190476,8.031031746031745
157,더 와이프,587405.4,8.290000000000001
158,주전장,0.0,0.0
159,메기,46000.0,6.8125
160,프란치스코 교황 : 맨 오브 히스 워드,0.0,0.0
161,인생 후르츠,69401.71428571429,8.651428571428571
162,드래곤볼 슈퍼: 브로리,166750.0,8.385
163,아이리시맨,906842.1666666666,8.072952380952382
164,서스페리아,16566.5,8.550833333333333
165,100일 동안 100가지로 100퍼센트 행복찾기,23790.333333333332,8.341666666666667
166,너를 만난 여름,32000.0,7.1225000000000005
167,썬키스 패밀리,1215940.9571428574,7.890547619047618
168,누구나 아는 비밀,287218.25,8.186250000000001
169,더 길티,758184.0833333334,7.592500000000001
170,신밧드와 마법 양탄자,11434.333333333334,7.9766666666666675
171,왕이 될 아이,672211.219047619,8.654190476190477
172,대통령의 7시간,0.0,0.0
173,마리아 칼라스: 세기의 디바,0.0,0.0
174,리틀 포니 프린세스,157000.0,4.105
175,내 완벽한 남사친의 비밀,65631.70833333334,8.232916666666666
176,러브라이브! 선샤인!! 더 스쿨 아이돌 무비 오버 더 레인보우,13356.0,6.99
177,판소리 복서,1439045.0,8.183666666666666
178,굿 라이어,1112368.2166666668,8.0335
179,크리스마스 호러 스토리,13050.0,3.2300000000000004
180,블라인드 멜로디,19702.25,8.625
181,전원사형,13116.5,6.76
182,"미안해요, 리키",36000.0,9.23
183,정글북: 마법 원정대,16601.5,7.715
184,칠드런 액트,584379.9777777778,7.793333333333333
185,극장판 포켓몬스터 모두의 이야기,0.0,0.0
186,모험왕 블링키,381906.77159863943,7.655739795918366
187,추격자: 살인자의 증거,24000.0,6.313333333333333
188,명탐정 코난 : 제로의 집행인,0.0,0.0
189,얼굴없는 보스,351269.8611111112,6.235833333333333
190,노무현과 바보들,0.0,0.0
191,여대생 기숙사에서 생긴 일,57934.66666666666,5.7225
192,이타미 준의 바다,1532285.7142857143,8.112857142857141
193,트레킹: 저주의 숲,18250.0,5.475
194,철벽선생,12499.916666666668,7.1
195,숲속의 마녀들,12284.5,4.73
196,숲속왕국의 꿀벌 여왕,97449.4097222222,7.587271825396826
197,드래곤 길들이기,1066110.9777777777,8.362416666666666
198,판의 미로 - 오필리아와 세 개의 열쇠,500000.0,4.783333333333333
199,잃어버린 세계를 찾아서,0.0,0.0
200,미드 90,214775.0,8.3405
201,결혼 이야기,0.0,0.0
202,미스 스티븐스,112705.62202380953,7.922023809523809
203,나의 히어로 아카데미아 더 무비: 두 명의 히어로,14833.0,8.319999999999999
204,더 킹: 헨리 5세,193778.85714285713,7.8723809523809525
205,지구공룡대탐험,0.0,0.0
206,뱅드림! 필름 라이브,0.0,0.0
207,사이몬과 타카시,14284.0,9.563333333333334
208,어제 일은 모두 괜찮아,3053969.9166666665,7.432833333333334
209,마담 프루스트의 비밀정원,19031.5,8.236
210,유랑지구,11191.25,7.295833333333333
211,프렌즈: 둥지탈출,33463.5,8.235833333333334
212,크리미널 체이스,37058.333333333336,4.484
213,"고흐, 영원의 문에서",370016.875,7.9879999999999995
214,두 교황,1284166.6666666667,8.005
215,킹 오브 프리즘 -샤이니 세븐 스타즈-,0.0,0.0
216,마왕의 딸 이리샤,439988.3541666666,7.931041666666667
217,행복한 라짜로,17000.0,8.75
218,라라와 움직이는 비밀의 숲,0.0,0.0
219,아픈 만큼 사랑한다,0.0,0.0
220,극장판 샤이닝스타:새로운 루나퀸의 탄생!,2567062.5,8.57
221,이케아 옷장에서 시작된 특별난 여행,10958.888888888889,8.611666666666666
222,파리의 딜릴리,16000.0,9.17
223,쉘부르의 우산,14893.0,7.945
224,헤로니모,0.0,0.0
225,극장판 타오르지마 버스터-블랙어썰트의 귀환,207333.3333333333,7.649999999999999
226,크리드2,791252.6,7.760000000000001
227,프렌드 존,16000.0,8.47
228,아사코,7520.45,6.9125
229,수영장으로 간 남자들,18675.466666666667,8.2784
230,시민 노무현,0.0,0.0
231,뷰티풀 보이,616839.2857142857,8.373214285714287
232,양지의 그녀,279489.0,7.922499999999999
233,신과함께-인과 연,5220185.714285715,8.18647619047619
234,어벤져스: 인피니티 워,4812501.7748412695,8.55663253968254
235,보헤미안 랩소디,4385719.933333333,8.6963
236,미션 임파서블: 폴아웃,2176839.9851190476,7.93172619047619
237,신과함께-죄와 벌,4834675.595238095,8.085396825396826
238,쥬라기 월드: 폴른 킹덤,1471500.0,8.595
239,앤트맨과 와스프,2590570.625,8.42243849206349
240,안시성,2677600.0,8.137666666666666
241,블랙 팬서,0.0,0.0
242,완벽한 타인,55061.5,7.3149999999999995
243,1987,3193662.680952381,8.449261904761904
244,독전,2145510.1504761903,8.159078571428571
245,공작,3267709.1166666667,7.929767857142857
246,베놈,13839.5,7.1125
247,암수살인,5516714.285714285,8.435142857142857
248,데드풀 2,1764702.40625,8.267395833333332
249,국가부도의 날,2247225.0476190476,8.05627380952381
250,아쿠아맨,1508347.657142857,8.078466666666666
251,그것만이 내 세상,2260245.888888889,8.147
252,마녀,10000.0,5.55
253,탐정: 리턴즈,2463936.507936508,8.205698412698412
254,인크레더블 2,1115255.8511904762,8.182
255,지금 만나러 갑니다,2786367.8666666667,7.829166666666666
256,목격자,1410732.2520833332,8.014270833333333
257,조선명탐정: 흡혈괴마의 비밀,3514125.0,8.039625000000001
258,신비한 동물들과 그린델왈드의 범죄,1622773.7904761904,7.63952380952381
259,메이즈 러너: 데스 큐어,1496846.6125,7.8505
260,맘마미아!2,865777.6870370371,8.03738888888889
261,명당,1895103.7950680272,7.943826530612244
262,협상,2874229.7142857146,7.691547619047618
263,마약왕,3868066.6666666665,7.999666666666667
264,쥬만지: 새로운 세계,2253638.888888889,8.464
265,창궐,1811049.0267857143,7.260982142857142
266,성난황소,2541811.5,8.512857142857142
267,리틀 포레스트,2130693.25,8.585357142857143
268,골든슬럼버,2274409.238095238,7.809019047619048
269,램페이지,844815.2083333334,7.700916666666666
270,오션스8,779028.1904761904,8.331261904761906
271,사라진 밤,0.0,0.0
272,스윙키즈,492250.0,8.290000000000001
273,바람 바람 바람,2601388.6133333333,7.7842238095238105
274,PMC: 더 벙커,3629666.6666666665,7.794833333333335
275,퍼시픽 림: 업라이징,915771.2142857143,7.779999999999999
276,몬스터 호텔 3,881625.0,7.9975
277,더 넌,13266.174999999997,7.657416666666666
278,스카이스크래퍼,921750.0,7.6835
279,염력,2255974.4375,7.616142857142858
280,월요일이 사라졌다,320071.5777777778,7.7375
281,인랑,1784960.357142857,7.560476190476191
282,극장판 헬로카봇 : 백악기 시대,0.0,8.3125
283,레슬러,2474285.714285714,8.096984126984127
284,물괴,1414308.3809523808,7.68375
285,미쓰백,1814759.3777777776,8.544944444444445
286,신비아파트: 금빛 도깨비와 비밀의 동굴,64971.375,7.928125
287,퍼스트맨,531405.1666666666,7.58202380952381
288,스파이더맨: 뉴 유니버스,523263.5,8.661166666666665
289,위대한 쇼맨,1464694.0476190476,8.542809523809524
290,인시디어스4: 라스트 키,309461.25833333336,5.62325
291,"그날, 바다",1006166.6666666666,7.721666666666667
292,툼레이더,149413.75,8.055
293,페르디난드,1278000.0,8.522
294,버닝,1010185.6666666666,8.029444444444445
295,7년의 밤,2079328.418154762,7.352491071428571
296,메가로돈,1042683.1458333334,7.989375000000001
297,콰이어트 플레이스,451605.1771428571,8.163059523809524
298,호두까기 인형과 4개의 왕국,1154797.5,7.986145833333333
299,셰이프 오브 워터: 사랑의 모양,669202.5333333334,7.827833333333333
300,곰돌이 푸 다시 만나 행복해,1679195.6666666667,8.528333333333334
301,변산,1351747.3333333333,7.6899999999999995
302,그린치,247190.4,8.548
303,스타 이즈 본,6214000.0,9.122
304,동네사람들,2107750.0,7.683833333333332
305,원더풀 고스트,2695000.0,7.978999999999999
306,강철비,1224780.5238095238,7.491755952380952
307,흥부: 글로 세상을 바꾼 자,1693246.0476190476,7.796797619047619
308,명탐정 코난 : 제로의 집행인,0.0,0.0
309,점박이 한반도의 공룡2 : 새로운 낙원,1146615.1428571427,8.586666666666666
310,패딩턴 2,281591.7253968254,8.550470238095238
311,허스토리,1973017.9166666665,8.476571428571429
312,미드나잇 선,2320.0,8.280000000000001
313,덕구,3032549.0833333335,8.496875
314,트루스 오어 데어,174606.83333333334,7.133083333333333
315,극장판 짱구는 못말려: 아뵤! 쿵후 보이즈 ~라면 대란~,0.0,0.0
316,해리포터와 마법사의 돌,685898.4777777778,7.593444444444445
317,모털 엔진,156654.85,7.337291666666667
318,나를 차버린 스파이,167750.0,7.549999999999999
319,명탐정 코난:감벽의 관,3056558.0,8.263333333333332
320,아이 필 프리티,73991.25,8.355
321,시카리오: 데이 오브 솔다도,2160276.2083333335,8.29736111111111
322,12 솔져스,2588981.2666666666,8.14
323,1급기밀,729811.5511904763,7.669583333333333
324,50가지 그림자: 해방,60325.3,8.043
325,속닥속닥,271336.3333333333,8.051666666666666
326,벽 속에 숨은 마법시계,259827.5,8.277
327,허리케인 하이스트,186799.19999999998,7.504444444444444
328,한 솔로: 스타워즈 스토리,2439057.087301587,7.843571428571427
329,콜 미 바이 유어 네임,202222.61904761905,8.191964285714285
330,런닝맨 : 풀룰루의 역습,479837.21428571426,8.118571428571428
331,극장판 포켓몬스터DP - 디아루가 VS 펄기아 VS 다크라이,749333.0,7.434047619047619
332,원더,192138.91111111114,8.271444444444443
333,유전,56456.583333333336,7.142666666666666
334,더 프레데터,1619599.6099999999,7.991499999999999
335,어느 가족,96595.96904761904,8.750738095238097
336,극장판 포켓몬스터 모두의 이야기,0.0,0.0
337,극장판 요괴워치 섀도사이드: 도깨비왕의 부활,841391.6666666665,8.10388888888889
338,크레이지 리치 아시안,710782.3666666666,7.635
339,다운사이징,495229.23333333334,7.327333333333333
340,나를 기억해,916000.0,7.971999999999999
341,더 포스트,1024227.375,8.8525
342,빅샤크: 매직체인지,148232.2767857143,7.934374999999999
343,독전: 익스텐디드 컷,2145510.1504761903,8.159078571428571
344,얼리맨,1885338.4190476192,8.178476190476191
345,부탁 하나만 들어줘,90087.625,7.335416666666667
346,"안녕, 나의 소녀",112036.0,7.7875000000000005
347,레드 스패로,48314.57142857143,8.128333333333334
348,레이디 버드,169515.64285714284,8.407142857142858
349,여중생A,169666.66666666666,7.8425
350,쓰리 빌보드,585847.2142857142,7.972857142857143
351,마야2,1399672.4479166667,7.6084375
352,플로리다 프로젝트,88000.0,8.48111111111111
353,극장판 포켓몬스터 너로 정했다!,0.0,0.0
354,베일리 어게인,1006104.1666666667,9.008541666666666
355,셜록 놈즈,688933.015873016,7.796507936507936
356,신은 죽지 않았다 3: 어둠 속의 빛,108615.83333333333,8.309619047619048
357,호텔 아르테미스,2331329.75,7.659125
358,올 더 머니,1420842.4,7.900833333333333
359,마일22,1105743.2,7.305666666666667
360,여곡성,596226.9841269841,6.928809523809524
361,번개맨과 신비의 섬,1048349.6031746032,7.927984126984126
362,킬링 디어,874171.1428571428,7.969166666666665
363,타이타닉,100283.08333333331,8.14875
364,소공녀,713452.4166666666,8.335
365,어드리프트:우리가 함께한 바다,134702.9,8.2295
366,엘리엇과 산타 썰매단,157054.16666666666,7.232916666666666
367,헌터 킬러,206633.25,8.015833333333333
368,몬스터 패밀리,460050.2111111111,7.6930000000000005
369,머니백,2225054.7959183673,7.929795918367347
370,뽀로로 극장판 공룡섬 대모험,730820.8333333334,7.969285714285714
371,말모이,3328303.5714285714,8.351517857142857
372,"부르고뉴, 와인에서 찾은 인생",28353.5,8.76025
373,그래비티,689061.0,7.973333333333334
374,너의 췌장을 먹고 싶어,0.0,0.0
375,번개맨의 비밀,1498762.2023809524,7.875988095238095
376,젝스키스 에이틴,0.0,0.0
377,살인소설,360214.24761904764,7.493464285714286
378,온리 더 브레이브,1251743.0763888888,8.102553571428572
379,폴란드로 간 아이들,955431.888888889,7.024444444444445
380,비밥바룰라,892741.5317460317,7.556190476190476
381,"스탠바이, 웬디",646750.0,8.144666666666666
382,나츠메 우인장: 세상과 연을 맺다,0.0,0.0
383,아일라,0.0,9.6
384,라이프 오브 파이,683707.0,7.786666666666666
385,극장판 뽀잉: 슈퍼 변신의 비밀,85375.0,8.25
386,더 포리너,393717.5,6.051428571428571
387,그랜드 부다페스트 호텔,849817.2698412697,7.888055555555554
388,너의 이름은.,1378685.1666666665,8.571666666666665
389,이별의 아침에 약속의 꽃을 장식하자,69800.0,9.061
390,다키스트 아워,641302.2708333333,8.101624999999999
391,프렌즈: 몬스터섬의비밀,620135.0892857142,7.7667261904761915
392,정글번치: 최강 악당의 등장,1304950.088888889,7.192555555555555
393,툴리,606276.3333333334,8.192142857142857
394,벅스 프렌즈,113014.73055555556,7.067361111111111
395,아바타,54359.791666666664,7.327499999999999
396,"오늘 밤, 로맨스 극장에서",41507.8,8.43
397,펭귄 하이웨이,37570.3,7.511000000000001
398,극장판 레이디버그: 미라클스톤의 비밀,0.0,0.0
399,인생 후르츠,69401.71428571429,8.651428571428571
400,개들의 섬,150394.84126984127,8.159642857142858
401,거미줄에 걸린 소녀,113303.58333333333,8.04811111111111
402,막달라 마리아: 부활의 증인,978598.9444444444,8.25688888888889
403,바르다가 사랑한 얼굴들,0.0,0.0
404,체실 비치에서,438015.64285714284,8.3125
405,루비 스팍스,90925.42857142857,8.115357142857142
406,팬텀 스레드,105255.5,8.01275
407,문호 스트레이독스 [데드 애플],107000.0,9.3625
408,몬태나,209186.19999999998,7.905333333333334
409,크리미널 스쿼드,367026.74166666664,7.829238095238096
410,박물관이 진짜 살아있다,25850.3625,7.393375000000001
411,라라랜드,883964.2857142857,8.098571428571429
412,피쉬 프렌즈: 알록이의 신기한 모험,160000.0,7.26
413,모어 댄 블루,68500.0,7.515000000000001
414,"쏘아올린 불꽃, 밑에서 볼까? 옆에서 볼까?",9605.5,8.09425
415,원더스트럭,180995.55555555553,7.897777777777779
416,구스범스: 몬스터의 역습,340967.5,8.054166666666667
417,당신의 부탁,1009833.1666666666,8.218333333333334
418,양말요정 휴고의 대모험,153018.125,7.3999999999999995
419,러빙 빈센트,548772.6714285715,8.4785
420,하이큐!! 콘셉트의 싸움,0.0,0.0
421,캡틴 스터비,446016.55555555556,8.1755
422,겨울왕국의 무민,666866.2833333333,8.065
423,노크: 초대받지 않은 손님,331624.75,7.6431249999999995
424,로건 럭키,693080.3083333332,7.885505952380953
425,"세라비, 이것이 인생!",14032.333333333334,8.446666666666665
426,극장판 프리! - 테이크 유어 마크 -,0.0,0.0
427,리틀 뱀파이어,23833.333333333336,8.17
428,노인을 위한 나라는 없다,1617852.125,8.354583333333332
429,펭이와 친구들의 남극대모험,85989.66666666667,6.5200000000000005
430,마징가 Z: 인피니티,0.0,0.0
431,아이 캔 온리 이매진,99611.11111111111,8.982222222222221
432,터닝메카드W: 반다인의 비밀 특별판,178333.33333333334,8.063333333333334
433,원더 휠,238347.625,8.118125000000001
434,무문관,629412.3166666667,7.745952380952382
435,죄 많은 소녀,290716.0678571429,7.864166666666667
436,리즈와 파랑새,0.0,0.0
437,다이노 헌터: 티렉스VS파키리노 대격돌,1238695.0,7.720555555555554
438,호밀밭의 반항아,237741.6111111111,8.181666666666667
439,원더풀 라이프,12990.333333333334,8.063333333333334
440,아이 엠 러브,53275.875,7.909166666666667
441,어거스트 러쉬,449566.7708333334,7.716875
442,B급 며느리,2013092.5,7.249821428571428
443,카메라를 멈추면 안 돼!,10769.5,7.705
444,극장판 가면라이더 이그제이드: 트루 엔딩,796530.2857142857,7.8185714285714285
445,꼬마영웅 바비,822341.6666666666,8.659666666666668
446,나라타주,14335.8,8.342500000000001
447,액슬,23665.916666666668,7.13725
448,스페이스 치킨: 마법 부적의 비밀,0.0,0.0
449,판타스틱 부니베어,280036.25,7.39
450,로빈슨의 언더워터 어드벤처,2221541.6666666665,7.3374444444444435
451,킨: 더 비기닝,267057.7083333333,8.74375
452,꼬마 보트 토토: 타요 타요 배 타요,0.0,0.0
453,탑건,1293726.6875,8.238125
454,파이널 포트레이트,424398.35333333333,7.8075
455,호비와 매직 아일랜드,0.0,0.0
456,토니스토리2: 고철왕국의 친구들,0.0,0.0
457,주문은 토끼입니까?? ~디어 마이 시스터~,0.0,0.0
458,내 이야기!!,45228.0,8.511666666666665
459,바니부기: 드래곤 에그를 찾아서,280036.25,7.39
460,아기곰 보보 구출 대작전,696690.8333333334,7.44
461,아기돼지 3형제와 쿵푸랜드,0.0,7.0
462,위 베어 베어스: 베이비 베어스,207333.3333333333,7.649999999999999
463,트와일라잇,18520.333333333332,8.128777777777778
464,군산: 거위를 노래하다,1215297.2083333333,7.957940476190476
465,내안의 그놈,2554933.3333333335,8.534333333333334
466,캡틴 샤키,37104.4,7.621666666666666
467,불한당: 나쁜 놈들의 세상,1826750.0,8.398249999999999
468,토이 가디언즈,284262.26458333334,7.283616071428572
469,너는 여기에 없었다,671500.0,8.44
470,해피 어게인,2020780.2708333333,8.308
471,류이치 사카모토: 코다,0.0,0.0
472,유니콘 원정대: 비밀의 다이어리,21448.125,7.458750000000001
473,오직 사랑뿐,34004.96666666667,7.161333333333333
474,"아이, 토냐",1527972.6,8.181333333333333
475,택시운전사,4690516.883928571,8.278357142857143
476,신과함께-죄와 벌,4834675.595238095,8.085396825396826
477,공조,3277753.523809524,8.030416666666667
478,스파이더맨: 홈 커밍,1119707.857142857,8.178571428571429
479,범죄도시,2869875.0,8.037374999999999
480,군함도,3237328.0333333327,7.920414285714285
481,청년경찰,2675126.2333333334,7.613166666666666
482,킹스맨: 골든 서클,429327.81746031746,8.15047619047619
483,토르: 라그나로크,4223642.857142857,8.684928571428571
484,꾼,1931119.7142857143,8.000309523809522
485,강철비,1224780.5238095238,7.491755952380952
486,남한산성,2593026.2285714285,8.283657142857143
487,미이라,1639067.4000000001,7.699000000000001
488,분노의 질주: 더 익스트림,2127853.394345238,8.269473214285714
489,너의 이름은.,1378685.1666666665,8.571666666666665
490,슈퍼배드 3,662225.0,8.245357142857143
491,아이 캔 스피크,1935926.2857142854,8.432857142857145
492,캐리비안의 해적: 죽은 자는 말이 없다,902446.4876190476,7.890033333333333
493,프리즌,1368512.704761905,8.253702380952381
494,덩케르크,1316618.0642857144,8.27442261904762
495,가디언즈 오브 갤럭시 VOL. 2,3751935.9464285714,8.463089285714286
496,살인자의 기억법,2431833.3333333335,8.230833333333333
497,트랜스포머: 최후의 기사,1527121.8958333335,7.328250000000001
498,조작된 도시,974562.3472222221,7.486845238095238
499,보스 베이비,452568.63888888893,8.398166666666667
500,재심,2347540.544444444,7.972
501,박열,1906349.9523809524,8.161984126984128
502,마스터,3436694.444444444,7.9574444444444445
503,로건,1179833.3333333333,8.366666666666667
504,겟 아웃,852694.9047619049,7.664190476190476
505,혹성탈출: 종의 전쟁,1311979.357142857,7.989178571428571
506,1987,3193662.680952381,8.449261904761904
507,애나벨 : 인형의 주인,1359955.4166666667,7.384
508,노무현입니다,0.0,6.75
509,저스티스 리그,1697205.1666666667,7.9062222222222225
510,킬러의 보디가드,404762.27777777775,7.511555555555556
511,콩: 스컬 아일랜드,3195902.551587302,7.8257142857142865
512,23 아이덴티티,964428.5714285716,7.987142857142857
513,임금님의 사건수첩,1500035.7499999998,7.765833333333333
514,부라더,3446848.972222222,8.266333333333334
515,기억의 밤,1639292.9,7.683999999999999
516,해피 데스데이,0.0,0.0
517,브이아이피,1390983.2276785714,7.709732142857142
518,특별시민,1195312.662414966,8.012517006802721
519,에이리언: 커버넌트,787051.5,7.507499999999999
520,장산범,996978.5,7.7455
521,악녀,1316261.9583333335,7.54322619047619
522,해빙,1236345.6031746033,8.007333333333333
523,라라랜드,883964.2857142857,8.098571428571429
524,지오스톰,357915.0,8.12
525,스타워즈: 라스트 제다이,569462.9861111111,7.478095238095238
526,불한당: 나쁜 놈들의 세상,1826750.0,8.398249999999999
527,그것,0.0,0.0
528,오리엔트 특급 살인,1092474.682034632,8.002424242424242
529,대립군,3078303.7222222225,7.974027777777778
530,베이비 드라이버,505127.18888888886,7.669333333333334
531,위대한 쇼맨,1464694.0476190476,8.542809523809524
532,뽀로로 극장판 공룡섬 대모험,730820.8333333334,7.969285714285714
533,레지던트 이블: 파멸의 날,270736.28571428574,7.2988333333333335
534,공각기동대 : 고스트 인 더 쉘,4721333.333333333,9.04
535,패신저스,465200.0,8.222
536,씽,1180426.2559523808,8.48218253968254
537,아빠는 딸,545.25,5.96
538,컨택트,155300.16666666666,8.235000000000001
539,47 미터,406584.0625,8.151875
540,메리와 마녀의 꽃,723068.5,8.305833333333332
541,얼라이드,689567.0,8.240416666666665
542,발레리안: 천 개 행성의 도시,475723.61904761905,7.780952380952382
543,그레이트 월,713372.0666666667,7.764023809523809
544,침묵,3289988.095238095,8.315014880952381
545,카3: 새로운 도전,103800.03333333333,8.254249999999999
546,리얼,4180089.8857142855,7.838809523809524
547,너의 췌장을 먹고 싶어,0.0,0.0
548,명탐정 코난:진홍의 연가,308833.3333333333,8.786666666666665
549,히든 피겨스,872500.0,9.108749999999999
550,반드시 잡는다,3679821.428571428,8.383839285714286
551,원라인,2764500.0,8.08925
552,터닝메카드W: 블랙미러의 부활,230536.94444444447,7.459444444444443
553,스머프: 비밀의 숲,384311.0,7.623125
554,로그 원: 스타워즈 스토리,874316.9583333334,7.648541666666667
555,킹 아서: 제왕의 검,1441031.5666666664,7.605333333333332
556,극장판 포켓몬스터 너로 정했다!,0.0,0.0
557,넛잡 2,337827.95,7.632538095238095
558,아메리칸 메이드,1152533.3333333333,7.916666666666667
559,러빙 빈센트,548772.6714285715,8.4785
560,대장 김창수,741257.3333333333,7.644333333333332
561,눈의 여왕 3: 눈과 불의 마법대결,0.0,0.0
562,플립,450297.25,6.8625
563,석조저택 살인사건,1505890.7,8.439383333333335
564,싱글라이더,2039562.5952380951,8.308785714285714
565,7호실,3799375.0,8.276607142857143
566,몬스터 패밀리,460050.2111111111,7.6930000000000005
567,내 사랑,163345.83333333334,7.711250000000001
568,극장판 짱구는 못말려 : 습격!! 외계인 덩덩이,0.0,8.3125
569,희생부활자,0.0,0.0
570,옥자,433869.0476190476,7.717936507936507
571,블레이드 러너 2049,869500.0,7.375714285714286
572,존 윅 - 리로드,1113087.75,7.101999999999999
573,목소리의 형태,100600.0,9.022
574,공범자들,2651900.0,8.79
575,미옥,3257380.9523809524,7.842976190476191
576,극장판 요괴워치: 하늘을 나는 고래와 더블세계다냥!,498749.07589285716,7.9892369047619045
577,어쌔신: 더 비기닝,964572.0357142858,8.104047619047618
578,50가지 그림자: 심연,60325.3,8.043
579,핵소 고지,161867.2380952381,7.9195714285714285
580,"나는 내일, 어제의 너와 만난다",10992.5,7.54175
581,예수는 역사다,81091.83333333333,7.1555
582,극장판 도라에몽: 진구의 남극 꽁꽁 대모험,324143.47619047615,8.043809523809523
583,더 큐어,70000.0,6.57
584,이프 온리,596750.0,7.634499999999999
585,아토믹 블론드,915077.0793650794,7.817809523809523
586,비정규직 특수요원,487600.2708333333,6.767291666666667
587,레고 배트맨 무비,548608.6458333334,8.126666666666667
588,극장판 또봇: 로봇군단의 습격,582230.125,6.707142857142856
589,극장판 에그엔젤 코코밍: 푸르밍과 두근두근 코코밍 세계,640672.0770833334,7.81845
590,로마의 휴일,590011.9047619047,7.658690476190477
591,시간위의 집,2042674.5833333335,7.310833333333333
592,명탐정 코난: 에피소드 원-작아진 명탐정,32135.125,8.342000000000002
593,루돌프와 많이있어,97510.41666666667,8.475666666666665
594,저수지 게임,1516213.1111111112,7.845111111111112
595,마이펫 오지,160000.0,7.423333333333333
596,"서서평, 천천히 평온하게",2568000.0,8.684000000000001
597,극장판 소드 아트 온라인 -오디널 스케일-,0.0,0.0
598,짱구는 못말려 극장판: 폭풍수면! 꿈꾸는 세계 대돌격,0.0,0.0
599,파리로 가는 길,631111.6666666666,8.105555555555554
600,킹 오브 프리즘 - 프라이드 더 히어로,0.0,0.0
601,여교사,1837461.4603174601,7.502142857142857
602,직쏘,55462.0,5.446666666666666
603,베이블레이드 버스트 갓 : 갓 발키리의 탄생,998857.5,7.968333333333334
604,딥워터 호라이즌,1576564.4166666667,8.134166666666667
605,슈퍼 빼꼼: 스파이 대작전,0.0,0.0
606,다크타워: 희망의 탑,924138.2222222221,8.243888888888888
607,인비저블 게스트,44302.770833333336,8.3025
608,사일런스,114559.77777777775,7.808333333333334
609,몬스터 콜,151578.5833333333,7.923645833333333
610,다크 나이트,555466.2190476191,8.458666666666668
611,지랄발광 17세,0.0,0.0
612,파도가 지나간 자리,496851.25,8.084166666666667
613,원더,192138.91111111114,8.271444444444443
614,꼬마참새 리차드: 아프리카 원정대,1275634.5,7.778333333333333
615,너와 100번째 사랑,21397.133333333335,7.821666666666666
616,드래곤 스펠: 마법 꽃의 비밀,360844.5,7.4425
617,오즈: 신기한 마법가루,1461319.3714285714,7.353714285714287
618,패트리어트 데이,2648903.0,7.300000000000001
619,파워레인져스: 더 비기닝,1262474.5666666667,8.174
620,바다 탐험대 옥토넛 시즌4: 더 파이널,46000.0,5.9
621,극장판 파워레인저: 애니멀포스 VS 닌자포스 미래에서 온 메시지,60354.75,8.718333333333332
622,포켓몬 더 무비 XY&Z 「볼케니온 : 기계왕국의 비밀」,677217.1485714286,7.730019047619048
623,극장판 쿠로코의 농구 라스트 게임,85500.0,9.45625
624,뷰티풀 투모로우,0.0,0.0
625,리틀 프린세스 소피아 : 신비한 섬,0.0,5.91
626,더 크리스마스,754581.12,8.481333333333334
627,바다 탐험대 옥토넛 시즌4: 바다 괴물 대소동,598833.3333333334,7.666666666666667
628,나의 붉은고래,49293.5,6.971666666666667
629,밤의 해변에서 혼자,0.0,0.0
630,맨체스터 바이 더 씨,154322.88888888888,8.504095238095237
631,위시 어폰,325877.5833333333,6.213733333333333
632,극장판 숲의 요정 페어리루 ~크리스마스의 기적: 마법의 날개~,0.0,0.0
633,매혹당한 사람들,401059.37857142853,7.769444444444445
634,튤립 피버,294811.17380952375,7.83852380952381
635,윈드 리버,5341884.9,8.754
636,미스 슬로운,299781.0,8.236
637,매기스 플랜,77226.11111111111,7.593928571428571
638,잃어버린 도시 Z,228245.18333333335,7.626833333333333
639,심야식당 2,37798.6,8.148333333333332
640,마더!,386626.5,8.1125
641,"그래, 가족",1062803.2916666665,8.129270833333333
642,리틀 프린세스 소피아: 엘레나와 비밀의 아발로 왕국,113450.0,8.622166666666667
643,내가 죽기 전에 가장 듣고 싶은 말,215982.25,8.369166666666667
644,"당신, 거기 있어줄래요",1609038.4682539683,7.965595238095237
645,하이큐!! 재능과 센스,1094857.4829931972,8.108261904761905
646,꼬마돼지 베이브의 대모험,62081.83333333333,7.2975
647,"나, 다니엘 블레이크",99000.0,9.28
648,페이트 스테이 나이트 헤븐즈필 제1장 프레시지 플라워,0.0,0.0
649,예감은 틀리지 않는다,383295.5375,7.99
650,원스,141500.0,8.155000000000001
651,이모티: 더 무비,396609.89523809525,7.8446904761904745
652,스노든,79237.25,8.316500000000001
653,첫키스만 50번째,546374.5,8.566666666666666
654,다시 태어나도 우리,0.0,0.0
655,잠깐만 회사 좀 관두고 올게,13686.291666666668,7.593
656,우리의 20세기,766595.5666666667,8.261904761904763
657,키코리키: 황금모자의 비밀,47777.777777777774,7.372222222222223
658,어메이징 메리,935095.0833333333,8.082220238095239
659,녹터널 애니멀스,1949902.05,8.144166666666665
660,파운더,392184.39682539686,8.26952380952381
661,7번째 내가 죽던 날,49250.0,8.06
662,더 플랜,0.0,9.0
663,가디언즈 오브 갤럭시,3751935.9464285714,8.463089285714286
664,하이큐!! 승자와 패자,100600.0,9.022
665,극장판 위 베어 베어스: 곰 브라더스,2232958.3333333335,8.075
666,나는 부정한다,231433.08333333334,8.149166666666668
667,단지 세상의 끝,333556.61507936515,7.710011904761903
668,"좋아해, 너를",31000.0,8.67
669,리빙보이 인 뉴욕,689838.5357142858,7.411190476190476
670,"나의 사랑, 그리스",474960.9166666667,8.233499999999998
671,역모-반란의 시대,386047.4166666666,6.378749999999999
672,너브,27126.933333333334,7.928583333333332
673,세 번째 살인,22174.169047619045,7.587833333333333
674,매직울프,79566.36111111111,7.111388888888889
675,걸 온 더 트레인,564925.9791666666,8.05625
676,데스노트: 더 뉴 월드,8518.041666666666,7.230208333333334
677,마리안느와 마가렛,0.0,0.0
678,극장판 암살교실 : 365일의 시간,0.0,0.0
679,스페이스 비트윈 어스,221217.0555555556,8.009722222222221
680,내게 남은 사랑을,958567.388888889,7.974365079365079
681,로스트 인 파리,23626.75,7.795416666666666
682,재키,1430598.7083333333,8.373154761904761
683,아기돼지 3형제와 매직램프,0.0,7.0
684,러브레터,14750.0,7.135714285714285
685,배저로와 친구들: 신비한 모험,26000.0,6.91
686,슈퍼 버드,356935.1458333333,7.882083333333334
687,부니베어: 로거빅 컴백홈 프로젝트,215950.125,8.28875
688,사다코 대 카야코,20162.0,6.87
689,에곤 쉴레: 욕망이 그린 그림,50000.0,8.06
690,언노운 걸,0.0,0.0
691,"내 어깨 위 고양이, 밥",571488.0666666667,8.938888888888888
692,꿈의 제인,905503.4166666666,7.990833333333334
693,"안녕, 나의 소울메이트",877603.5,8.105
694,슈퍼오리 : 태양을 지켜라,360844.5,7.4425
695,하이큐!! 끝과 시작,100600.0,9.022
696,패션 오브 크라이스트,163200.9,8.225833333333334
697,파워배틀 와치카: 와치가면의 역습,0.0,0.0
698,레이디 맥베스,1049000.0,8.65
699,제인 도,94263.0,7.646666666666666
700,토마스와 친구들: 수수께끼 해적선과 보물찾기,571545.9504761904,7.992323809523809
701,유리정원,1082137.375,7.867500000000001
702,스테이션 7,19645.125,8.41375
703,송 투 송,1564967.0416666665,7.790178571428572
704,행복 목욕탕,41552.25,8.081249999999999
705,빌리 진 킹: 세기의 대결,884839.2857142857,8.748214285714287
706,극장판 어드벤처 타임: 비밀의 아일랜드,370964.5,7.798492063492065
707,아이 앰 히스 레저,708822.8571428572,8.3
708,러브 액츄얼리,322264.4217687075,8.263363095238095
709,뚜르: 내 생애 최고의 49일,861051.8,7.3595
710,부니베어: 나무 도둑의 습격,215950.125,7.644375
711,슬립리스: 크리미널 나이트,670652.6,7.067342857142857
712,그 후,328376.1,7.1775
713,오즈의 마법사 2,10736.166666666666,5.648571428571429
714,신서유기 : 몽키킹의 부활,189671.5,6.7542857142857144
715,인카네이트,163222.35,7.429500000000001
716,배드 지니어스,14451.75,8.035
717,"괜찮아요, 미스터 브래드",296954.25,7.734999999999999
718,부산행,3912249.0952380947,8.133433333333333
719,검사외전,3428666.6666666665,7.575119047619047
720,캡틴 아메리카: 시빌 워,6795666.666666666,8.931666666666665
721,밀정,5356875.0,8.32925
722,인천상륙작전,2434699.404761905,7.798541666666667
723,곡성,1488110.6047619046,7.578065476190476
724,덕혜옹주,2928000.0,7.7997499999999995
725,닥터 스트레인지,774225.2466666667,8.147533333333334
726,마스터,3436694.444444444,7.9574444444444445
727,주토피아,2277615.3,8.302638095238096
728,신비한 동물사전,1622773.7904761904,7.63952380952381
729,아가씨,0.0,0.0
730,쿵푸팬더3,1341379.7416666665,7.931315476190476
731,귀향,157221.0,7.780166666666667
732,데드풀,1412457.525,8.061516666666666
733,나우 유 씨 미 2,2286271.8214285714,8.168071428571428
734,형,3421392.857142857,8.337916666666667
735,엑스맨: 아포칼립스,570460.3511904762,7.7455357142857135
736,미스 페레그린과 이상한 아이들의 집,539749.1174603174,7.901380952380954
737,제이슨 본,651404.05,7.7781666666666665
738,도리를 찾아서,1680757.5079365077,8.236031746031744
739,아수라,2850477.8904761905,7.469069047619048
740,마이펫의 이중생활,874638.861111111,8.403055555555556
741,라라랜드,883964.2857142857,8.098571428571429
742,배트맨 대 슈퍼맨: 저스티스의 시작,1107915.9413919414,7.936641025641025
743,굿바이 싱글,3101619.047619048,7.648190476190476
744,봉이 김선달,1129901.3214285714,7.616130952380953
745,레버넌트: 죽음에서 돌아온 자,734725.2222222221,8.057380952380951
746,컨저링 2,581750.79,7.8496
747,내부자들: 디 오리지널,3736666.6666666665,8.26075
748,수어사이드 스쿼드,906469.8682539682,7.83847619047619
749,인디펜던스 데이 : 리써전스,612663.7083333333,7.447777777777778
750,탐정 홍길동: 사라진 마을,1452354.857142857,8.217142857142859
751,벤허,206533.5,6.336666666666666
752,굿 다이노,986894.46875,8.398041666666668
753,셜록: 유령신부,1881955.95,8.49775
754,특별수사: 사형수의 편지,2649623.246428571,8.315369047619047
755,시간이탈자,2253776.8888888885,8.065
756,동주,2134319.1,7.758222222222222
757,워크래프트: 전쟁의 서막,360907.37,7.9744
758,스타트렉 비욘드,1137072.3055555555,7.702351851851852
759,미씽: 사라진 여자,1821756.1428571427,8.081428571428571
760,"당신, 거기 있어줄래요",1609038.4682539683,7.965595238095237
761,라이트 아웃,1359521.55,7.750249999999999
762,오빠생각,2287437.5,8.463875
763,"날, 보러와요",855505.0416666666,7.587916666666666
764,씽,1180426.2559523808,8.48218253968254
765,맨 인 더 다크,0.0,0.0
766,"고산자, 대동여지도",2660785.375,7.887678571428571
767,매그니피센트 7,652766.4583333334,7.217201298701298
768,갓 오브 이집트,551054.5678571428,7.93225
769,레전드 오브 타잔,744268.0133333333,8.023333333333333
770,좋아해줘,1426542.0777777778,7.659121031746032
771,브리짓 존스의 베이비,752785.2999999999,8.21111111111111
772,런던 해즈 폴른,314411.8222222222,8.03825
773,국가대표 2,2356585.4444444445,7.854611111111112
774,인페르노,572555.0,7.877916666666667
775,앵그리버드 더 무비,2140797.0,8.7065
776,그날의 분위기,1653928.5714285714,8.1175
777,널 기다리며,956862.3392857142,7.750555555555555
778,잭 리처: 네버 고 백,3891264.375,8.09125
779,로그 원: 스타워즈 스토리,874316.9583333334,7.648541666666667
780,싱 스트리트,1186048.75,8.320666666666666
781,아이스 에이지: 지구 대충돌,291334.7333333333,7.722133333333334
782,몬스터 호텔 2,678639.4166666666,8.055833333333332
783,메카닉: 리크루트,904372.375,7.951250000000001
784,고스트버스터즈,2468816.6666666665,8.205238095238096
785,거울나라의 앨리스,674865.8095238096,8.027095238095239
786,가려진 시간,2071140.4027777778,7.706388888888888
787,명탐정 코난: 순흑의 악몽,3056558.0,8.263333333333332
788,해어화,774332.9761904762,7.71747619047619
789,계춘할망,909288.1666666666,8.135833333333334
790,"로봇, 소리",1645666.013095238,7.782314625850342
791,스타워즈: 깨어난 포스,819780.1866666668,7.680607142857143
792,빅쇼트,645125.0,8.260595238095238
793,헌츠맨: 윈터스 워,1833776.4523809524,8.2715
794,나의 소녀시대,250152.33333333334,7.893750000000001
795,조선마술사,946107.1428571428,7.580178571428574
796,언더 워터,111835.0,7.488333333333333
797,클로버필드 10번지,382940.10317460314,7.795753968253968
798,위자: 저주의 시작,557984.75,7.378333333333334
799,극장판 요괴워치: 염라대왕과 5개의 이야기다냥!,862217.7589285715,7.639394841269842
800,아기배달부 스토크,402478.4166666667,8.079166666666667
801,위대한 소원,912097.5511904762,7.73847619047619
802,구스범스,340967.5,8.054166666666667
803,포인트 브레이크,611741.875,7.754000000000001
804,앨빈과 슈퍼밴드: 악동 어드벤처,306122.7314814815,8.01825
805,혼숨,896038.5142857142,7.714
806,극장판 안녕 자두야,509392.70535714284,8.499761904761904
807,비밀은 없다,2870500.0,8.079374999999999
808,닌자터틀 : 어둠의 히어로,193356.85416666666,7.596499999999999
809,독수리 에디,882047.8253968254,8.094126984126985
810,포켓몬 더 무비 XY&Z 「볼케니온 : 기계왕국의 비밀」,677217.1485714286,7.730019047619048
811,원피스 필름 골드,163166.6666666667,8.951250000000002
812,아이 엠 어 히어로,17841.388888888887,7.608666666666667
813,남과 여,3103541.6666666665,8.015416666666667
814,짱구는 못말려 극장판: 나의 이사 이야기 선인장 대습격,0.0,0.0
815,"무현, 두 도시 이야기",0.0,7.77
816,글로리데이,1484192.1031746033,8.299880952380953
817,대호,2060000.0,8.206666666666667
818,매직브러시,870000.0,7.72
819,대배우,3311831.7619047617,7.914571428571429
820,달빛궁궐,2021336.1443452379,7.993571428571428
821,미스컨덕트,1552533.2291666667,7.80425
822,500일의 썸머,331862.25,8.454
823,13시간,283855.5,7.5175833333333335
824,극장판 아이엠스타 : 꿈의 오디션!,311736.3541666666,7.893259259259261
825,제 5침공,141758.1011904762,6.778124999999999
826,극장판 꼬마버스 타요의 에이스 구출작전,256047.64285714284,8.292142857142858
827,대니쉬 걸,1243892.011904762,7.948095238095239
828,인생은 아름다워,11160.0,8.073333333333332
829,카페 소사이어티,299042.5,7.678166666666666
830,마이 리틀 자이언트,449550.2666666667,7.877333333333334
831,죽여주는 여자,921133.0238095238,7.930342261904761
832,헤이트풀8,610565.5357142857,7.6633869047619045
833,감바의 대모험,69687.70833333333,8.412333333333335
834,피터와 드래곤,1315384.4666666663,8.138166666666667
835,다이버전트 시리즈: 얼리전트,182388.8583333333,8.056805555555556
836,무서운 이야기 3 : 화성에서 온 소녀,702551.375,6.510833333333333
837,바스티유 데이,1222427.6666666665,7.985333333333333
838,걷기왕,1690974.4375,7.427142857142858
839,나의 산티아고,58592.277777777774,7.93611111111111
840,본 투 비 블루,464550.5,7.50725
841,태풍이 지나가고,53186.67857142857,7.679523809523809
842,오베라는 남자,90030.16666666667,8.65375
843,크리미널,441554.61111111107,7.926444444444445
844,슈퍼 프렌즈,0.0,5.91
845,루돌프와 많이있어,97510.41666666667,8.475666666666665
846,룸,2606429.975,7.726428571428571
847,포켓몬 더 무비 XY 후파: 광륜의 초마신,798066.3333333334,7.549166666666666
848,다이노X 탐험대,1017125.0,6.1525
849,로스트 인 더스트,851269.9047619049,8.065650793650795
850,최악의 하루,413151.5988095238,8.02892857142857
851,오 마이 그랜파,878371.5,8.063214285714285
852,엽기적인 그녀 2,2907125.0,7.58
853,하이큐!! 끝과 시작,100600.0,9.022
854,라스트 위치 헌터,1670718.5396825399,6.912063492063492
855,언더월드: 블러드 워,636709.9444444445,6.955753968253969
856,선생님의 일기,55821.25,8.031666666666666
857,세상에서 고양이가 사라진다면,43934.75,8.131
858,바다 탐험대 옥토넛 시즌4: 늪지탐험선K,598833.3333333334,7.666666666666667
859,어카운턴트,910182.3125,8.081875
860,아이엠스타 뮤직어워드,94428.57142857143,8.700000000000001
861,리틀메딕: 몸속탐험대,0.0,0.0
862,데몰리션,872387.25,8.258125000000001
863,트럼보,270015.2,7.892857142857143
864,바다 탐험대 옥토넛 시즌4: 빙하탐험선S,598833.3333333334,7.666666666666667
865,두 남자,4046000.0,7.875999999999999
866,극장판 도라에몽: 신 진구의 버스 오브 재팬,674092.84375,7.9171875
867,바다 탐험대 옥토넛 시즌4: 아슬아슬 구조대작전,598833.3333333334,7.666666666666667
868,죽은 시인의 사회,205294.16666666663,8.104999999999999
869,더 보이,109422.23333333335,7.827500000000001
870,극장판 프랭키와 친구들: 생명의 나무,634366.6666666666,7.474999999999999
871,드레스메이커,167019.06666666668,7.623055555555555
872,비포 선라이즈,2639012.5,7.68125
873,백설공주 : 사라진 아빠를 찾아서,1886051.2142857143,7.665
874,불의 전차,399760.06666666665,7.871666666666667
875,파라노말 액티비티: 더 고스트 디멘션,60750.333333333336,6.463333333333334
876,잡아야 산다,227355.125,7.8116666666666665
877,뽀로로 극장판 컴퓨터 왕국 대모험,730820.8333333334,7.969285714285714
878,"나, 다니엘 블레이크",99000.0,9.28
879,포레스트: 죽음의 숲,396167.4533333333,7.691799999999999
880,마음이 외치고 싶어해,36389.5,7.5525
881,바닷마을 다이어리,22652.391666666666,7.5127500000000005
882,우리들,464572.6666666667,8.345555555555556
883,목숨 건 연애,429204.8373015872,6.819166666666667
884,머니 몬스터,126687.8125,7.929166666666667
885,트리플 9,954763.2698412699,8.009320105820105
886,엽문3: 최후의 대결,191063.25,5.780500000000001
887,굿 윌 헌팅,809307.5,8.01
888,갤럭시 히어로즈: 라쳇 앤 클랭크,186799.79735449736,7.788214285714285
889,하드코어 헨리,203257.55555555553,6.798015873015873
890,블레어 위치,402713.2833333333,6.385833333333333
891,미스 사이공 : 25주년 특별 공연,1119333.3333333333,9.1
892,이웃집에 신이 산다,26507.8,7.776666666666666
893,플래그 더 문,98911.125,8.15125
894,냉정과 열정사이,27532.375,6.975
895,범죄의 여왕,813393.5333333333,8.108222222222222
896,스푹스:MI5,1461474.25,7.935583333333333
897,스누피: 더 피너츠 무비,0.0,0.0
898,매드 맥스: 분노의 도로,770359.1666666666,7.892142857142857
899,4등,1276930.5285714285,7.884017857142857
900,나의 그리스식 웨딩 2,10096.0,8.06
901,너의 이름은.,1378685.1666666665,8.571666666666665
902,빌리와 용감한 녀석들: 치킨 히어로,383284.1666666667,7.76375
903,브루클린의 멋진 주말,261163.7142857143,7.707946428571429
904,신은 죽지 않았다 2,36643.104166666664,7.857857142857144
905,시간을 달리는 소녀,556.5,7.3149999999999995
906,"헤일, 시저!",1570326.9583333335,8.224130952380952
907,무한대를 본 남자,256287.3,8.42925
908,인어공주 : 새로운 모험의 시작,215950.125,8.28875
909,다가오는 것들,13386.2,7.547999999999999
910,극장판 유희왕 더 다크 사이드 오브 디멘션즈,0.0,0.0
911,극장판 프리파라 모두 모여라! 프리즘☆투어즈,36662.5,8.290000000000001
912,그랜드파더,867582.2698412699,7.335297619047619
913,쿠보와 전설의 악기,311426.6333333333,7.913523809523809
914,테일 오브 테일즈,458739.7916666667,7.51575
915,스노우타임,0.0,0.0
916,벤허,206533.5,6.336666666666666
917,걸즈 앤 판처 극장판,0.0,0.0
918,서프러제트,326774.1388888889,8.1785
919,카페 6,15802.638888888889,6.711666666666666
920,토마스와 친구들: 용감한 기관차와 괴물소동,18458.333333333336,7.766666666666666
921,인천상륙작전 : 익스텐디드 에디션(확장판),2434699.404761905,7.798541666666667
922,뉴 스텝업: 어반댄스,121000.0,7.012222222222223
923,오페라의 유령,233359.03333333333,7.657
924,카이: 거울 호수의 전설,8200.0,7.949999999999999
925,하이-라이즈,1334498.1053571429,7.945160714285714
926,키즈모노가타리 I : 철혈편,0.0,0.0
927,러브레터,14750.0,7.135714285714285
928,나이스 가이즈,720878.2142857143,7.531190476190477
929,에곤 쉴레: 욕망이 그린 그림,50000.0,8.06
930,45년 후,208002.25,7.775833333333333
931,하이 스피드! ?프리! 스타팅 데이즈-,85250.0,8.1375
932,사울의 아들,24000.0,8.68
933,잉글리쉬 페이션트,294983.8208333333,7.897166666666666
934,글루미 선데이,32724.5,8.082916666666666
935,피아니스트 세이모어의 뉴욕 소네트,21025.0,6.657500000000001
936,연애담,1533323.1,8.433250000000001
937,스킵트레이스: 합동수사,40579.833333333336,6.203452380952381
938,시크릿 인 데어 아이즈,626584.3214285714,7.963291666666667
939,해리포터와 죽음의 성물2,685898.4777777778,7.593444444444445
940,하이큐!! 승자와 패자,100600.0,9.022
941,인터스텔라,275577.1111111111,8.192833333333335
942,비포 선셋,2639012.5,7.68125
943,세기의 매치,345635.661904762,7.939404761904762
944,바그다드 카페 : 디렉터스컷,6980000.0,7.766250000000001
945,섬. 사라진 사람들,1687445.825,7.7636666666666665
946,칠드런 오브 맨,106303.26666666666,7.91
947,립반윙클의 신부,20906.625,7.0825
948,트루스,785447.7291666666,8.090166666666667
949,이레셔널 맨,568378.3928571428,8.00077380952381
950,다음 침공은 어디?,0.0,0.0
951,무간도,498306.75,7.536250000000001
952,환상의 빛,131551.91666666666,7.403333333333333
953,버스 657,1789939.2083333333,7.423422619047619
954,비틀스: 에잇 데이즈 어 위크 ? 투어링 이어즈,0.0,0.0
955,당신자신과 당신의 것,2419132.1428571427,8.0889375
956,"불량소녀, 너를 응원해!",13656.0,8.405000000000001
957,미라클 프롬 헤븐,66311.8,7.987055555555556
958,"조제, 호랑이 그리고 물고기들",24626.5,8.751666666666667
959,내부자들,3736666.6666666665,8.26075
960,"나의 위대한 친구, 세잔",22942.5,8.502
961,무수단,249336.7857142857,6.515000000000001
962,베테랑,4008464.2857142854,8.16229761904762
963,암살,5446166.666666667,7.788777777777778
964,어벤져스: 에이지 오브 울트론,4938722.232142858,8.497113095238095
965,국제시장,3243517.8690476194,7.949261904761905
966,내부자들,3736666.6666666665,8.26075
967,사도,3579866.6666666665,8.104777777777779
968,킹스맨 : 시크릿 에이전트,450806.4841269841,8.033809523809524
969,미션 임파서블: 로그네이션,2152467.2547619045,8.233714285714285
970,연평해전,2863898.6666666665,8.111805555555556
971,검은 사제들,55462.0,5.446666666666666
972,인사이드 아웃,1670935.1190476194,8.152571428571429
973,마션,905715.75,7.93973015873016
974,조선명탐정 : 사라진 놉의 딸,2795130.9523809524,7.844035714285714
975,매드 맥스: 분노의 도로,770359.1666666666,7.892142857142857
976,분노의 질주: 더 세븐,2136029.3421428567,8.321188095238096
977,터미네이터 제니시스,1400551.0,7.560625
978,스물,2777146.45,7.681583333333332
979,극비수사,4292142.857142857,8.589285714285715
980,앤트맨,0.0,5.66
981,스타워즈: 깨어난 포스,819780.1866666668,7.680607142857143
982,빅 히어로,1551299.4309523809,8.367621693121693
983,메이즈 러너: 스코치 트라이얼,1496846.6125,7.8505
984,탐정 : 더 비기닝,2917571.428571428,8.183142857142856
985,스파이,1135187.0654761905,8.081916666666668
986,악의 연대기,703176.1157142858,6.218380952380953
987,강남 1970,1449119.0634920634,7.904444444444445
988,오늘의 연애,1710838.8888888888,7.593333333333333
989,테이큰 3,212368.22222222222,7.341222222222224
990,007 스펙터,1267766.6761904762,7.82090873015873
991,이미테이션 게임,294145.52222222224,8.340444444444444
992,샌 안드레아스,537056.55,7.560291666666666
993,쎄시봉,1914885.8625,7.9348020833333335
994,더 폰,0.0,0.0
995,위플래쉬,1378080.75,8.6075
996,대호,2060000.0,8.206666666666667
997,장수상회,988488.1666666665,8.386854166666666
998,성난 변호사,2500074.619047619,7.867857142857144
999,간신,3161695.4107142854,7.538047619047619
1000,박물관이 살아있다 : 비밀의 무덤,374275.9611111111,7.63048148148148
1001,그놈이다,2819428.5714285714,7.802142857142857
1002,미쓰 와이프,960965.0,7.590208333333332
1003,몬스터 호텔 2,678639.4166666666,8.055833333333332
1004,허삼관,3691701.8095238097,7.498666666666668
1005,"님아, 그 강을 건너지 마오",4800000.0,9.16
1006,살인의뢰,1168192.4285714284,7.989333333333334
1007,손님,1703376.9976190475,7.721315476190476
1008,인시디어스 3,436615.3333333333,6.010624999999999
1009,하트 오브 더 씨,1621741.9349206348,8.156458333333333
1010,헝거게임: 더 파이널,341823.25,7.256666666666666
1011,기술자들,2104442.7321428573,7.621162698412699
1012,열정같은소리하고있네,921000.0,7.69125
1013,특종: 량첸살인기,2498000.0,7.809166666666666
1014,서부전선,1336622.25,8.033124999999998
1015,채피,430128.25,8.026875
1016,극장판 요괴워치: 탄생의 비밀이다냥!,685649.625,8.474875
1017,헬머니,629360.2579365079,7.47019246031746
1018,도라에몽 : 스탠 바이 미,868265.1428571428,8.103571428571428
1019,위험한 상견례 2,1710646.1398809524,7.597321428571429
1020,명탐정 코난 : 화염의 해바라기,3056558.0,8.263333333333332
1021,순수의 시대,1793973.0444444446,7.609015873015873
1022,"협녀, 칼의 기억",2369000.0,7.842555555555556
1023,무뢰한,1467711.111111111,7.826111111111111
1024,판타스틱 4,177504.875,6.680916666666667
1025,뽀로로 극장판 컴퓨터 왕국 대모험,730820.8333333334,7.969285714285714
1026,내 심장을 쏴라,1818586.5357142857,7.5961607142857135
1027,소수의견,2514507.255952381,8.080595238095238
1028,그레이의 50가지 그림자,60325.3,8.043
1029,홈,1977748.323412698,8.110976190476189
1030,경성학교: 사라진 소녀들,2046288.9166666665,8.324166666666667
1031,아메리칸 스나이퍼,1503557.5,8.078100000000001
1032,호빗: 다섯 군대 전투,1922611.95,8.238999999999999
1033,스폰지밥 3D,589422.2999999999,7.667555555555556
1034,뮨: 달의 요정,175012.2,7.679
1035,도리화가,1958142.857142857,7.391142857142857
1036,이터널 선샤인,96676.91666666667,7.897500000000001
1037,주피터 어센딩,568953.6964285714,7.798988095238094
1038,오즈의 마법사: 돌아온 도로시,964891.4666666667,7.989999999999999
1039,런 올 나이트,332677.44523809524,7.573304761904763
1040,다이노 타임,488956.1145833334,7.781145833333333
1041,인서전트,144462.09074074074,7.815833333333334
1042,투모로우랜드,177331.33333333334,7.922444444444444
1043,스파이 브릿지,613269.0833333334,8.27125
1044,개를 훔치는 완벽한 방법,881628.7035714288,7.923738095238096
1045,함정,1099778.1229166666,7.168666666666666
1046,명탐정 코난 : 코난 실종사건 - 사상 최악의 이틀,1022806.2857142857,8.265677083333333
1047,언브로큰,382502.6071428572,8.125119047619048
1048,소셜포비아,1179048.1407738095,8.081611607142857
1049,하늘을 걷는 남자,232811.73888888894,7.8212777777777776
1050,극장판 포켓몬스터 XY : 파괴의 포켓몬과 디안시,52218.6875,7.420208333333333
1051,조선마술사,946107.1428571428,7.580178571428574
1052,괴물의 아이,55428.596666666665,7.8528
1053,노아의 방주: 남겨진 녀석들,1182066.8625,7.852375
1054,언프렌디드: 친구삭제,169875.0,5.9662500000000005
1055,연애의 맛,385164.0,6.474375
1056,포켓몬 더 무비 XY 후파: 광륜의 초마신,798066.3333333334,7.549166666666666
1057,버드맨,688845.5595238096,8.4475
1058,기생수 파트1,34084.81666666667,7.399
1059,더 셰프,930353.2470238095,7.621083333333334
1060,레전드,1010891.2619047618,7.8028571428571425
1061,인터스텔라,275577.1111111111,8.192833333333335
1062,19곰 테드 2,734762.013888889,7.526319444444444
1063,아메리칸 울트라,697472.8125,7.214666666666666
1064,트랜스포터: 리퓰드,576140.25,7.583666666666668
1065,내부자들: 디 오리지널,3736666.6666666665,8.26075
1066,스누피: 더 피너츠 무비,0.0,0.0
1067,최강전사 미니특공대 : 새로운 악당의 습격,0.0,8.3125
1068,아메리칸 셰프,4248174.377777778,8.330388888888889
1069,짱구는 못말려 극장판 : 정면승부! 로봇아빠의 역습,0.0,0.0
1070,워킹걸,1262564.6666666667,6.83547619047619
1071,은밀한 유혹,883845.1547619047,8.114166666666666
1072,우먼 인 골드,270201.65,7.504266666666666
1073,시카리오: 암살자의 도시,1898616.9226190476,8.341488095238093
1074,워터 디바이너,440375.71428571426,7.6902083333333335
1075,나의 절친 악당들,1198128.0952380954,7.382619047619047
1076,러브 라이브! 더 스쿨 아이돌 무비,0.0,0.0
1077,미라클 벨리에,80888.66666666667,8.245555555555557
1078,퇴마: 무녀굴,963030.5705782312,7.917755102040816
1079,눈의 여왕 2: 트롤의 마법거울,272843.6666666666,7.049166666666666
1080,상의원,2397157.1428571427,8.0339
1081,극장판 도라에몽 : 진구의 우주영웅기~스페이스 히어로즈~,179428.57142857142,8.687142857142858
1082,스틸 앨리스,115163.11111111111,7.713333333333334
1083,셀프/리스,187462.5,8.0825
1084,맨 프롬 UNCLE,901295.607142857,8.248880952380953
1085,더 건맨,1040613.611111111,7.7797222222222215
1086,극장판 파워레인저 트레인포스 VS 다이노포스 THE MOVIE,191376.32653061222,8.153314393939393
1087,빌리와 용감한 녀석들 3,42235.6875,7.914375
1088,7번째 아들,432469.52380952385,7.972142857142858
1089,포커스,272745.7,7.833833333333333
1090,더 매직: 리틀톰과 도둑공주,64054.7,7.324
1091,갤로우즈,89000.0,5.7075
1092,세인트 빈센트,0.0,0.0
1093,빅 아이즈,565022.3,7.971
1094,더 이퀄라이저,663043.4999999999,7.9783333333333335
1095,지금은맞고그때는틀리다,921000.0,7.69125
1096,엑스 마키나,331649.5833333333,8.033333333333333
1097,모데카이,2415951.625,8.052916666666667
1098,러덜리스,511004.6666666666,7.9712499999999995
1099,쓰리 썸머 나잇,2149041.2380952383,7.815285714285714
1100,타임 패러독스,314595.95238095237,7.385714285714286
1101,피치 퍼펙트: 언프리티 걸즈,147438.5625,7.363791666666666
1102,위자,557984.75,7.378333333333334
1103,러브 액츄얼리,322264.4217687075,8.263363095238095
1104,다크 플레이스,242961.45535714287,7.572946428571428
1105,히트맨: 에이전트 47,188158.875,7.375749999999999
1106,보루토 - 나루토 더 무비,0.0,0.0
1107,기생수 파트2,34084.81666666667,7.399
1108,위아영,212579.95,7.871666666666667
1109,아더와 미니모이 3: 두 세계의 전쟁,455076.9791666666,7.572875000000001
1110,주온: 더 파이널,70908.0,5.338749999999999
1111,드래곤 블레이드,58517.114285714284,6.704761904761905
1112,대니 콜린스,981836.4333333333,8.137166666666667
1113,나이트 크롤러,2011900.75,8.015
1114,고녀석 맛나겠다2 : 함께라서 행복해,462489.6666666667,7.742916666666667
1115,더 랍스터,556589.9285714286,8.420535714285714
1116,개구리왕국,1330341.8958333333,7.471041666666666
1117,이웃집에 신이 산다,26507.8,7.776666666666666
1118,더 라스트: 나루토 더 무비,147964.33333333334,6.876666666666666
1119,바다 탐험대 옥토넛 스페셜,598833.3333333334,7.666666666666667
1120,더 비지트,25574.583333333336,7.293333333333333
1121,바닷마을 다이어리,22652.391666666666,7.5127500000000005
1122,미안해 사랑해 고마워,708769.2523809524,7.329007936507938
1123,라스트 위치 헌터,1670718.5396825399,6.912063492063492
1124,스트레이트 아웃 오브 컴턴,544709.9,8.158000000000001
1125,엘리노어 릭비: 그 남자 그 여자,632104.7857142858,8.111571428571429
1126,크림슨 피크,1285589.9261904762,8.163660714285715
1127,피케이: 별에서 온 얼간이,23479.166666666668,8.8725
1128,약장수,1239243.285714286,8.151428571428571
1129,성실한 나라의 앨리스,307786.5,7.6875
1130,데모닉,445100.5888888889,6.6882222222222225
1131,유고와 라라: 하늘고래와 구름섬 대모험,188162.5625,8.510000000000002
1132,"웰컴, 삼바",9218.625,7.49125
1133,포켓몬 레인저와 바다의 왕자 마나피,894733.0,6.723333333333334
1134,아델라인 : 멈춰진 시간,75917.5,7.594166666666666
1135,내일을 위한 시간,146385.94444444444,8.204444444444443
1136,신은 죽지 않았다,108615.83333333333,8.309619047619048
1137,정글번치: 너구리 해적단과 보물지도,649449.5226190477,7.102134920634922
1138,위아 유어 프렌즈,784666.6666666667,8.761666666666667
1139,추억의 마니,16731.25,6.987500000000001
1140,령 : 저주받은 사진,50960.933333333334,7.405666666666667
1141,한여름의 판타지아,650620.5222222222,8.031500000000001
1142,에스엠타운 더 스테이지,34500.0,6.002
1143,리틀드래곤 코코넛,6060000.0,8.21
1144,나를 미치게 하는 여자,1824612.0,8.01388888888889
1145,"땡큐, 대디",33000.0,8.53
1146,춘희막이,0.0,0.0
1147,슈퍼 스파이: 수상한 임무,15385.0,7.56
1148,앙: 단팥 인생 이야기,36585.34920634921,8.517142857142858
1149,뽀로로 극장판 눈요정 마을 대모험,730820.8333333334,7.969285714285714
1150,러브 앤 머시,73001.95238095238,7.346126984126985
1151,폭스캐처,2574464.285714286,8.572857142857144
1152,윈드랜드,215950.125,8.28875
1153,숲속으로,511899.3180272109,7.783649659863944
1154,진격의 거인: 홍련의 화살,72435.2,8.260000000000002
1155,종이 달,48018.375,7.6175
1156,레전드 오브 래빗: 불의 전설,19240.2,7.435666666666667
1157,드래곤볼 Z : 부활의 F,126438.50793650797,8.350861111111112
1158,엘리제궁의 요리사,11743.5,8.014722222222222
1159,차일드 44,571851.3015873017,7.281388888888888
1160,그 사람 그 사랑 그 세상,343586.6952380952,7.45
1161,트립 투 이탈리아,61373.85,6.999833333333333
1162,스윗 프랑세즈,159662.65,8.294444444444444
1163,난 그녀와 키스했다,95262.41666666666,7.089166666666667
1164,옐로우버드,233076.90277777775,7.9055833333333325
1165,부에나 비스타 소셜 클럽,0.0,0.0
1166,비비안 마이어를 찾아서,0.0,0.0
1167,무민 더 무비,17353.625,7.2
1168,리그레션,687524.25,6.9662500000000005
1169,원스 어폰 어 타임 인 아메리카,2541811.5,8.512857142857142
1170,태양을 쏴라,570195.7708333334,7.1258333333333335
1171,어떤살인,953152.2,7.381374999999999
1172,이민자,1881111.3333333333,8.368333333333332
1173,어바웃 리키,953604.7,8.324333333333334
1174,사랑이 이긴다,797269.75,7.226666666666667
1175,아스테릭스: 신들의 전당,44862.89814814815,7.840703703703704
1176,라이드 : 나에게로의 여행,370405.0238095238,7.702222222222221
1177,뷰티풀 라이,130076.97,9.079699999999999
1178,어느 하녀의 일기,1295.5,8.045
1179,하나와 앨리스: 살인사건,6767.633333333333,7.682333333333333
1180,"알로, 슈티",9154.611111111111,8.272222222222224
1181,빽 투 더 퓨쳐 2,65055.0,6.851666666666667
1182,위로공단,3076.0,7.8
1183,네이든,1036583.3333333334,8.27375
1184,미스터 터너,21048.5,7.67
1185,무드 인디고,49888.31666666667,7.555
1186,베스트 오브 미,524.0,9.3
1187,"안녕, 전우치! 도술로봇대결전",402307.1904761905,8.69
1188,온리 유,9478.5,7.553333333333334
1189,피아니스트,6747.6,7.772333333333333
1190,어우동: 주인 없는 꽃,1479793.6742857143,6.907357142857144
1191,빽 투 더 퓨쳐,229752.6,6.8760666666666665
1192,결혼하지 않아도 괜찮을까,63421.0,7.598888888888889
1193,검은손,514812.25,6.316458333333333
1194,클라우즈 오브 실스마리아,106556.38571428573,7.42525
1195,바티칸 뮤지엄,2489552.0,8.227142857142857
1196,명량,2178903.2222222225,7.888888888888888
1197,인터스텔라,275577.1111111111,8.192833333333335
1198,해적: 바다로 간 산적,2375500.0,8.069749999999999
1199,수상한 그녀,2377468.7366071427,8.152202380952382
1200,변호인,3814894.6571428566,8.188421428571427
1201,국제시장,3243517.8690476194,7.949261904761905
1202,트랜스포머: 사라진 시대,1460340.5,7.041333333333332
1203,군도: 민란의 시대,4254666.666666666,7.7248333333333346
1204,엣지 오브 투모로우,1359442.580952381,7.759571428571429
1205,엑스맨: 데이즈 오브 퓨처 패스트,946121.6349206349,7.8996031746031745
1206,어메이징 스파이더맨 2,476134.11904761905,8.629880952380953
1207,타짜-신의 손,2134408.1904761903,7.502857142857144
1208,혹성탈출: 반격의 서막,887578.7083333333,7.7958333333333325
1209,캡틴 아메리카: 윈터 솔져,2406211.333333333,8.235
1210,역린,1821825.5523809525,7.844059523809524
1211,"님아, 그 강을 건너지 마오",4800000.0,9.16
1212,끝까지 간다,1500021.4999999998,7.781833333333333
1213,비긴 어게인,3207444.511904762,8.61095238095238
1214,드래곤 길들이기 2,1070330.0,8.504166666666668
1215,표적,2623769.884920635,7.759944444444446
1216,메이즈 러너,1496846.6125,7.8505
1217,호빗: 다섯 군대 전투,1922611.95,8.238999999999999
1218,나의 사랑 나의 신부,1857400.0,7.9675
1219,남자가 사랑할 때,2336583.3333333335,7.328571428571428
1220,용의자,1607117.8325396825,7.77175
1221,기술자들,2104442.7321428573,7.621162698412699
1222,나를 찾아줘,316537.6333333333,7.952999999999999
1223,제보자,2141238.095238095,7.770666666666667
1224,피끓는 청춘,1419615.9464285716,7.656976190476191
1225,두근두근 내 인생,1415973.3404761902,7.377619047619047
1226,우아한 거짓말,2053402.1071428573,8.29188988095238
1227,300: 제국의 부활,377089.0261904762,7.661488095238095
1228,엑소더스: 신들과 왕들,258689.57142857142,8.156666666666666
1229,인간중독,1665501.2916666667,7.172499999999999
1230,말레피센트,1109774.4222222222,7.870333333333332
1231,폼페이: 최후의 날,704979.4583333333,7.614
1232,퓨리,494335.4666666666,8.200388888888888
1233,드라큘라: 전설의 시작,861455.6166666666,7.316866666666667
1234,가디언즈 오브 갤럭시,3751935.9464285714,8.463089285714286
1235,찌라시: 위험한 소문,923348.8214285714,7.674916666666666
1236,빅매치,3545764.4888888896,7.955515873015873
1237,슬로우 비디오,1783848.2142857143,7.5721428571428575
1238,방황하는 칼날,1229563.4,7.811875000000001
1239,로보캅,164422.10317460317,7.428174603174603
1240,우리는 형제입니다,1032250.9047619046,7.079650000000001
1241,헝거게임: 모킹제이,319123.162797619,7.472594246031746
1242,월터의 상상은 현실이 된다,225886.1,7.873142857142857
1243,관능의 법칙,1169721.5079365082,8.070595238095237
1244,그랜드 부다페스트 호텔,849817.2698412697,7.888055555555554
1245,리오 2,634559.8,8.0061
1246,"안녕, 헤이즐",119434.33333333333,7.489375
1247,트랜센던스,367678.1111111112,7.095138888888889
1248,상의원,2397157.1428571427,8.0339
1249,플랜맨,1170416.6666666665,8.404791666666668
1250,우는 남자,867694.625,6.956249999999999
1251,타잔 3D,563333.3333333334,6.7
1252,패션왕,676000.0,7.1
1253,황제를 위하여,1462614.2857142857,7.673285714285714
1254,더 울프 오브 월스트리트,193183.8,8.416057142857143
1255,스텝 업: 올 인,692472.3333333333,7.6066666666666665
1256,눈의 여왕 2: 트롤의 마법거울,272843.6666666666,7.049166666666666
1257,노예 12년,716073.35,8.134666666666666
1258,또 하나의 약속,1609359.1428571427,7.983428571428573
1259,엔더스 게임,9904.333333333334,8.033333333333333
1260,소녀괴담,154442.5833333333,6.904523809523809
1261,조선미녀삼총사,1049363.0044642857,7.072604166666667
1262,넛잡: 땅콩 도둑들,218653.60416666666,7.733708333333334
1263,마담 뺑덕,562111.1111111111,7.407222222222223
1264,썬더와 마법저택,705000.0,8.45
1265,다이버전트,178601.125,8.07375
1266,주온 : 끝의 시작,136968.33333333334,4.45
1267,좋은 친구들,3384666.6666666665,7.627317460317461
1268,닌자터틀,193356.85416666666,7.596499999999999
1269,명탐정 코난 : 이차원의 저격수,0.0,0.0
1270,나의 독재자,1484250.0,7.872249999999999
1271,천재 강아지 미스터 피바디,780436.92,8.028
1272,그녀,1652608.8916666666,8.436666666666667
1273,선 오브 갓,1145000.0,7.503333333333333
1274,잭 라이언 : 코드네임 쉐도우,1026225.5416666667,8.323333333333332
1275,숲속으로,511899.3180272109,7.783649659863944
1276,비행기 2: 소방구조대,270166.6666666666,7.754999999999999
1277,"러브, 로지",168467.525,7.4045
1278,사랑에 대한 모든 것,543826.1142857143,7.976867063492063
1279,노벰버 맨,438023.0,7.472
1280,툼스톤,454727.3333333333,7.310555555555555
1281,그레이스 오브 모나코,260035.09523809524,7.471944444444444
1282,뽀로로 극장판 눈요정 마을 대모험,730820.8333333334,7.969285714285714
1283,쓰리데이즈 투 킬,481479.56666666665,7.6033333333333335
1284,극장판 루팡 3세 VS 명탐정 코난,99057.0,8.388333333333334
1285,한공주,170861.96666666667,7.198444444444445
1286,헤라클레스 : 레전드 비긴즈,817500.0,6.24
1287,덕수리 5형제,909923.8095238095,7.449690476190476
1288,덤 앤 더머 투,510158.3333333333,7.6658333333333335
1289,컬러풀 웨딩즈,101166.66666666667,7.866666666666667
1290,보이후드,92189.0,7.689166666666668
1291,명탐정 코난 : 탐정들의 진혼가,0.0,0.0
1292,라스트베가스,1339840.8333333333,8.070535714285713
1293,아빠를 빌려드립니다,1242782.2547619047,7.587285714285715
1294,극장판 도라에몽: 진구의 아프리카 모험 ~베코와 5인의 탐험대~,179428.57142857142,8.687142857142858
1295,호빗: 스마우그의 폐허,1368915.696969697,8.21146212121212
1296,아메리칸 허슬,2783013.85,8.652999999999999
1297,익스펜더블 3,790260.8072916666,7.525260416666667
1298,테이큰 3,212368.22222222222,7.341222222222224
1299,마담 프루스트의 비밀정원,19031.5,8.236
1300,꾸뻬씨의 행복여행,742943.0333333333,7.308333333333333
1301,더 기버: 기억전달자,525917.8839285714,8.215738095238095
1302,도희야,748328.5714285714,7.46131746031746
1303,더 시그널,946456.9682539683,8.047222222222222
1304,니드 포 스피드,363437.9067460317,8.057984126984126
1305,인사이드 르윈,407380.0857142857,7.972107142857143
1306,베리 굿 걸,2699964.6166666667,8.246625
1307,박스트롤,175298.46666666665,7.63
1308,다이노소어 어드벤처 3D,905633.8888888889,7.844999999999999
1309,집으로 가는 길,2093666.6666666665,7.862166666666667
1310,살인자,2156764.057142857,7.15942857142857
1311,허큘리스,579625.2666666667,7.770666666666667
1312,씬 시티: 다크히어로의 부활,264047.76785714284,6.403321428571429
1313,원 챈스,204939.125,7.635999999999999
1314,터널 3D,972787.3333333334,7.475888888888888
1315,페이스 오브 러브,834234.7222222221,8.269444444444444
1316,분신사바 2,39595.5,6.5
1317,아더 우먼,126115.17777777778,7.346888888888889
1318,매직 인 더 문라이트,546522.2023809524,8.685714285714287
1319,리스본행 야간열차,313252.4222222222,8.264222222222223
1320,쿰바: 반쪽무늬 얼룩말의 대모험,579191.6,7.639
1321,그렇게 아버지가 된다,54994.77142857143,7.6836666666666655
1322,브릭 맨션: 통제불능 범죄구역,527646.2333333334,7.4825
1323,극장판 포켓몬스터 AG - 아름다운 소원의 별 지라치,0.0,0.0
1324,프란시스 하,91938.09,8.02972380952381
1325,어거스트: 가족의 초상,285270.68333333335,8.433666666666667
1326,모뉴먼츠 맨: 세기의 작전,310050.9583333333,8.067666666666666
1327,달라스 바이어스 클럽,218245.24444444446,8.434833333333334
1328,인보카머스,370936.4166666667,7.583333333333333
1329,더 바디,41187.25,8.475000000000001
1330,님포매니악 볼륨1,259595.29166666666,8.147124999999999
1331,더 퍼지 : 거리의 반란,161919.61666666667,7.059666666666667
1332,극장판 가면라이더 VS 파워레인저 슈퍼히어로 대전,48572.46666666667,8.337777777777777
1333,5일의 마중,97000.0,8.4725
1334,내가 잠들기 전에,479824.05952380947,8.379166666666666
1335,"가장 따뜻한 색, 블루",466142.8571428572,7.988571428571428
1336,어네스트와 셀레스틴,1352609.25,7.63
1337,"제자, 옥한흠",162626.3,7.0983333333333345
1338,베스트 오퍼,396078.875,7.6208333333333345
1339,내 연애의 기억,480673.29464285716,7.432767857142856
1340,족구왕,879739.2416666666,7.86
1341,부니 베어: 롤라 구출 대모험,0.0,0.0
1342,우리별 일호와 얼룩소,2275000.0,8.078333333333335
1343,그레이트 뷰티,44000.0,7.84
1344,개를 훔치는 완벽한 방법,881628.7035714288,7.923738095238096
1345,나쁜 이웃들,1354833.3333333333,8.495
1346,천국에 다녀온 소년,217087.3888888889,8.102222222222222
1347,그날 본 꽃의 이름을 우리는 아직 모른다,100600.0,9.022
1348,자유의 언덕,275372.8571428572,8.464285714285714
1349,필로미나의 기적,126359.76666666666,7.548555555555557
1350,백프로,2033185.436904762,7.062916666666666
1351,슈퍼노바 지구 탈출기,150196.3125,7.7125
1352,파가니니: 악마의 바이올리니스트,226664.3095238095,7.463476190476191
1353,초콜렛 도넛,14531.5,6.969583333333334
1354,오직 사랑하는 이들만이 살아남는다,1031536.8076190476,7.671561904761906
1355,"메밀꽃, 운수 좋은 날, 그리고 봄봄",880370.2777777779,6.931746031746031
1356,꼬마 잠수함 올리 2,215950.125,8.28875
1357,위크엔드 인 파리,264065.2,7.6778571428571425
1358,무드 인디고,49888.31666666667,7.555
1359,배틀 오브 비보이,224000.0,7.29
1360,그래비티,689061.0,7.973333333333334
1361,킬 유어 달링,1616057.3942857143,7.9826476190476185
1362,동경가족,18186.004761904762,7.704
1363,꼬마 니콜라의 여름방학,8361.666666666666,7.857083333333334
1364,굿모닝 맨하탄,0.0,0.0
1365,앵그리스트 맨,896166.5666666667,8.311399999999999
1366,벨과 세바스찬,0.0,0.0
1367,마인드스케이프,279515.5,7.885000000000001
1368,지골로 인 뉴욕,348838.80555555556,7.538055555555555
1369,행복배달부 팻아저씨,588894.4666666667,8.2605
1370,꼬마잠수함 올리,148232.2767857143,7.934374999999999
1371,왓 이프,243998.44999999998,7.815277777777777
1372,선샤인 온 리스,483926.0,7.524285714285714
1373,유고와 라라 : 신비의 숲 어드벤처,0.0,0.0
1374,쥬로링 동물탐정 극장판,905000.0,8.2775
1375,님포매니악 볼륨2,108596.34761904762,7.982333333333333
1376,고스트 메신저 극장판,0.0,8.3125
1377,거인,4311187.142857143,7.482976190476191
1378,엔들리스 러브,155708.94444444444,7.374722222222222
1379,극장판 뛰뛰빵빵 구조대 미션: 둥둥이를 구하라!,207333.3333333333,7.981249999999999
1380,클라우즈 오브 실스마리아,106556.38571428573,7.42525
1381,초원의 왕 도제,10640.833333333334,6.205
1382,이브 생 로랑,110294.97222222223,7.865277777777777
1383,그 사람 그 사랑 그 세상,343586.6952380952,7.45
1384,슈퍼처방전,9154.611111111111,8.272222222222224
1385,사막에서 연어낚시,203004.13095238095,8.162682539682539
1386,스페이스 독 2,0.0,0.0
1387,이디야와 얼음왕국의 전설,289000.0,6.495
1388,밀리언 웨이즈,455362.21875,7.952514880952382
1389,위험한 패밀리,1576763.3333333333,8.282952380952379
1390,혼스,702504.3,8.041666666666666
1391,엘리아스: 바다의 보물을 찾아라!,0.0,0.0
1392,오드토머스,156667.33333333334,7.196388888888889
1393,가구야공주 이야기,72405.0,8.263333333333334
1394,로코왕국의 전설: 엘프킹을 찾아서,1242099.8333333333,6.975
1395,모스트 원티드 맨,560323.6324404762,8.1156875
1396,메멘토,226351.77777777775,7.070666666666667
1397,물랑루즈,463636.89285714284,8.173333333333332
1398,웨스턴 리벤지,784489.8571428572,7.599206349206351
1399,극장판 날아라! 호빵맨 : 바나나섬을 되찾아줘,15474.666666666666,7.428888888888889
1400,토마스와 친구들: 잃어버린 왕관,0.0,0.0
1401,스턱 인 러브,505764.625,7.366249999999999
1402,행복한 사전,37039.0,7.783500000000001
1403,"하늘을 나는 강아지, 비포와 친구들",0.0,0.0
1404,세이빙 산타,1898333.0833333333,7.8445833333333335
1405,쿼바디스,32000.0,8.373333333333333
1406,버진 스노우,158456.53095238097,7.625357142857143
1407,테레즈 라캥,1819749.5541666667,8.052916666666667
1408,프로즌 그라운드,106099.75,7.692166666666666
1409,몽상가들,478512.11904761905,7.688392857142857
1410,조난자들,1038930.5,7.0
1411,아바타 정글의 비밀,0.0,0.0
1412,디태치먼트,642205.5,7.408333333333333
1413,유아 넥스트,68976.66666666667,7.1691666666666665
1414,사다코 2,17000.0,7.445
1415,설국열차,1497385.6208333333,8.094322916666666
1416,관상,4241896.825396826,8.01521626984127
1417,아이언맨 3,3470054.694444444,7.850527777777778
1418,베를린,3742252.3809523806,7.713135714285715
1419,은밀하게 위대하게,3249975.375,7.073604166666667
1420,변호인,3814894.6571428566,8.188421428571427
1421,숨바꼭질,1708905.75,8.53942857142857
1422,더 테러 라이브,42165.166666666664,6.167000000000001
1423,감시자들,891336.0317460317,7.647579365079365
1424,신세계,3671055.555555556,7.971190476190476
1425,박수건달,1887685.375,7.723333333333333
1426,스파이,1135187.0654761905,8.081916666666668
1427,그래비티,689061.0,7.973333333333334
1428,타워,1319658.607142857,7.49375
1429,토르: 다크 월드,3880424.580952381,8.31042857142857
1430,레드: 더 레전드,1161931.0238095238,6.710619047619048
1431,친구 2,2213397.375,7.580916666666667
1432,나우 유 씨 미 : 마술사기단,1834527.5714285714,8.143071428571428
1433,레미제라블,907191.9186507935,8.078222222222223
1434,화이: 괴물을 삼킨 아이,1663451.4825396826,8.119867063492064
1435,컨저링,0.0,3.11
1436,맨 오브 스틸,889978.0112244898,7.872857142857143
1437,용의자,1607117.8325396825,7.77175
1438,호빗: 스마우그의 폐허,1368915.696969697,8.21146212121212
1439,연애의 온도,1701428.5714285714,7.408571428571428
1440,지.아이.조 2,1525248.5714285714,6.745904761904764
1441,분노의 질주: 더 맥시멈,1738027.0955782312,8.23721768707483
1442,공범,2648503.4166666665,8.217916666666667
1443,집으로 가는 길,2093666.6666666665,7.862166666666667
1444,전설의 주먹,2339159.119047619,7.743779761904762
1445,파파로티,2015968.2420634923,7.821696428571428
1446,스타트렉 다크니스,734015.5351851851,7.734722222222222
1447,라이프 오브 파이,683707.0,7.786666666666666
1448,오블리비언,991062.3333333334,7.734583333333333
1449,위대한 개츠비,218459.29523809528,7.6533999999999995
1450,다이하드: 굿 데이 투 다이,324973.55555555556,6.0456111111111115
1451,미스터 고,2034488.6785714284,7.3497142857142865
1452,결혼전야,2452595.114285714,7.568459183673468
1453,깡철이,2602517.9166666665,8.307166666666667
1454,엘리시움,508050.1666666667,7.622777777777777
1455,더 웹툰: 예고살인,1025625.0,7.461875
1456,웜 바디스,164088.01111111112,7.101999999999999
1457,고령화 가족,1369362.019047619,7.781780952380951
1458,헝거게임: 캣칭 파이어,315930.2615079365,7.619940476190475
1459,더 울버린,1179833.3333333333,8.366666666666667
1460,동창생,1149253.6285714286,7.50847619047619
1461,슈퍼배드 2,1098140.125,8.500499999999999
1462,잭 더 자이언트 킬러,256731.25333333333,7.909866666666668
1463,크루즈 패밀리,850301.5142857141,8.802519047619048
1464,뽀로로 극장판 슈퍼썰매 대모험,529563.6770833334,7.9252232142857135
1465,개구쟁이 스머프 2,550110.0520833333,7.563958333333334
1466,몬스터 대학교,620638.130952381,8.211309523809524
1467,남쪽으로 튀어,1870248.4107142857,7.968869047619048
1468,하늘에서 음식이 내린다면 2,450526.0,7.6944444444444455
1469,잭 리처,3891264.375,8.09125
1470,반창꼬,1532170.714285714,7.562285714285714
1471,더 파이브,1631995.2371031747,7.54479365079365
1472,더 임파서블,105320.875,8.240416666666668
1473,인시디어스: 두번째 집,1568820.7666666666,6.539
1474,섀도우 헌터스: 뼈의 도시,413293.97222222225,7.1137500000000005
1475,화이트 하우스 다운,656830.7777777778,8.109444444444444
1476,애프터 어스,634500.0,7.7236666666666665
1477,퍼시 잭슨과 괴물의 바다,457097.39999999997,7.336388888888888
1478,남자사용설명서,1838128.375,7.399583333333333
1479,다이노소어 어드벤처 3D,905633.8888888889,7.844999999999999
1480,무서운 이야기 2,1036068.6308201059,7.719630952380953
1481,썬더와 마법저택,705000.0,8.45
1482,노브레싱,1266642.857142857,7.4957142857142856
1483,클라우드 아틀라스,1517762.8839285714,8.249142857142857
1484,창수,2068278.8095238097,7.543333333333332
1485,명탐정 코난 : 수평선상의 음모,0.0,0.0
1486,론 레인저,439871.6666666667,8.081055555555556
1487,오즈 그레이트 앤드 파워풀,277595.6666666667,7.625833333333333
1488,미나문방구,633598.8928571427,7.3461607142857135
1489,차이니즈 조디악,705294.6666666666,6.423238095238095
1490,빌리와 용감한 녀석들 2,228685.58333333334,6.482083333333333
1491,이스케이프 플랜,513144.06666666665,7.543333333333334
1492,장고:분노의 추적자,371456.08999999997,7.858199999999999
1493,밤의 여왕,640803.875,7.247499999999999
1494,캡틴 필립스,615285.475,8.75
1495,잠베지아: 신비한 나무섬의 비밀,1048851.1999999997,8.0925
1496,분노의 윤리학,1180311.9166666667,8.030857142857144
1497,세이빙 산타,1898333.0833333333,7.8445833333333335
1498,호빗: 뜻밖의 여정,1922611.95,8.238999999999999
1499,비포 미드나잇,1778528.4166666667,7.723055555555555
1500,응징자,994285.7142857144,6.1675
1501,프리즈너스,1595867.0416666665,8.190833333333334
1502,마이 리틀 히어로,1274830.938095238,7.923541666666666
1503,해양경찰 마르코,0.0,0.0
1504,백악관 최후의 날,338912.35555555555,7.610791666666667
1505,로마 위드 러브,241061.61111111112,8.206214285714287
1506,명탐정 코난:은빛 날개의 마술사,0.0,0.0
1507,톱스타,1229322.6964285714,6.9649375000000004
1508,엔더스 게임,9904.333333333334,8.033333333333333
1509,더 자이언트,0.0,0.0
1510,가문의 영광5 - 가문의 귀환,1556943.1248299319,7.455658163265307
1511,안나 카레니나,2228026.5,7.882499999999999
1512,지슬 - 끝나지 않은 세월2,342722.4666666666,7.3066666666666675
1513,블루 재스민,687662.5,8.433083333333332
1514,더 퍼지,94492.375,6.78375
1515,리딕,1241147.9904761903,7.036704761904763
1516,러시 : 더 라이벌,1817250.0,8.129999999999999
1517,실버라이닝 플레이북,3068603.8333333335,8.697619047619048
1518,버틀러: 대통령의 집사,268904.875,7.681791666666667
1519,극장판 도라에몽: 진구의 비밀도구 박물관,171215.21428571426,8.290714285714285
1520,배우는 배우다,1119881.0714285714,7.256428571428572
1521,제로 다크 서티,162455.07142857142,7.954666666666666
1522,마지막 4중주,723465.994047619,7.915678571428571
1523,월터의 상상은 현실이 된다,225886.1,7.873142857142857
1524,일대종사,485710.48333333334,7.793749999999999
1525,R.I.P.D. : 알.아이.피.디.,382285.0714285714,8.426984126984127
1526,로덴시아: 마법왕국의 전설,99000.0,7.43
1527,원피스 극장판 Z,46622.5,7.966666666666667
1528,뷰티풀 크리처스,341911.8333333333,7.670416666666665
1529,토토의 움직이는 숲,0.0,0.0
1530,쿵후팬더: 영웅의 탄생,8942.0,5.482857142857142
1531,니모를 찾아서,1210683.3333333335,8.206666666666667
1532,오싱,103366.61111111111,7.591111111111111
1533,화이트 고릴라,0.0,0.0
1534,투 마더스,263723.60714285716,7.997500000000001
1535,피노키오: 당나귀 섬의 비밀,469190.6666666667,6.883333333333334
1536,우리 선희,831298.2708333333,7.415229166666666
1537,닥터,539250.0,6.923541666666667
1538,토니 스토리: 깡통제국의 비밀,1017125.0,6.1525
1539,정글번치 : 빙산으로의 귀환,0.0,0.0
1540,에반게리온: Q,0.0,0.0
1541,산타의 매직 크리스탈,527773.1238095238,7.371238095238096
1542,아무르,23569.066666666666,7.991111111111111
1543,호프 스프링즈,696515.3333333334,8.526666666666667
1544,돌핀 : 꿈꾸는 다니엘의 용감한 모험,0.0,0.0
1545,꼬마영웅 경찰차 프로디,0.0,0.0
1546,스카이포스 3D,52000.0,7.34
1547,언어의 정원,100600.0,9.022
1548,그렇게 아버지가 된다,54994.77142857143,7.6836666666666655
1549,적인걸2 : 신도해왕의 비밀,223755.21428571432,6.83804761904762
1550,슈퍼윙스 3D,41205.87878787879,8.041363636363638
1551,러브레터,14750.0,7.135714285714285
1552,나의 PS 파트너,2056238.0952380951,7.4264285714285725
1553,호두까기인형 3D,478914.07551020413,7.847
1554,프리버즈: 밍쿠와 찌아의 도시 대탈출,42375.0,4.18125
1555,글래디에이터: 로마 영웅 탄생의 비밀 3D,44000.0,5.19
1556,드래곤볼Z : 신들의 전쟁,87506.0,8.828
1557,레옹,2334052.5416666665,7.673666666666667
1558,쥬라기 공원,254.0,4.245833333333334
1559,스니치,526056.7777777778,8.175111111111113
1560,끝과 시작,1978871.8095238097,7.524940476190476
1561,폭풍우 치는 밤에: 비밀 친구,0.0,0.0
1562,사이드 이펙트,1281543.3888888888,7.709444444444446
1563,극장판 썬더일레븐 GO VS 골판지 전사 W,137600.0,8.785999999999998
1564,에코 플래닛 3D : 지구 구출 특급 대작전,0.0,0.0
1565,문라이즈 킹덤,190314.74285714288,7.002604761904761
1566,누구의 딸도 아닌 해원,2482432.6527777775,7.999138888888889
1567,더 헌트,333682.4166666667,8.531666666666668
1568,마스터,3436694.444444444,7.9574444444444445
1569,빅 웨딩,658809.2658730159,8.059305555555556
1570,어떤 시선,1570124.5383333333,8.113333333333333
1571,극장판 나루토 질풍전: 로드 투 닌자,0.0,0.0
1572,러브액츄얼리: 크리스마스 에디션,322264.4217687075,8.263363095238095
1573,원 데이,332898.1666666667,7.52125
1574,쾌걸 조로리의 대대대대모험,87506.0,8.828
1575,코비: 블루 엘리펀트의 전설,215950.125,9.144375
1576,시네마 천국,59006.73333333334,8.7868
1577,8월의 크리스마스,2037500.0,7.508125
1578,부에노스 아이레스에서 사랑에 빠질 확률,24000.0,8.18
1579,26년,1820051.5555555557,7.332996031746032
1580,알렉스 크로스,433365.1666666667,6.684444444444445
1581,프라미스드 랜드,992102.5,8.043888888888889
1582,잉여들의 히치하이킹,1043202.6,8.18
1583,까밀 리와인드,3371.6666666666665,6.859999999999999
1584,사이비,1178146.0535714286,8.018035714285714
1585,플레이스 비욘드 더 파인즈,2374081.4166666665,8.055238095238096
1586,천안함 프로젝트,523752.4,8.792
1587,아기기린 자라파,17997.333333333332,8.305555555555555
1588,플라이트,1543394.7285714285,7.892785714285715
1589,완전 소중한 사랑,552312.5,7.739166666666667
1590,꼬마마녀 요요와 네네,323262.375,7.985749999999999
1591,러브레이스,315831.25,7.589500000000001
1592,세상의 끝까지 21일,739498.0833333333,8.464166666666667
1593,가디언즈,2563.0,4.8237499999999995
1594,극장판 포켓몬스터 베스트위시「큐레무 VS 성검사 케르디오」,0.0,0.0
1595,부도리의 꿈,451012.35000000003,8.313333333333334
1596,셰임,358532.5111111111,7.345
1597,이별계약,62487.11111111112,8.106666666666667
1598,홀리 모터스,21350.958333333332,7.7940000000000005
1599,잉투기,1412511.3035714284,8.033714285714286
1600,인 더 하우스,50403.416666666664,7.585583333333333
1601,타이치0 3D,338270.1666666666,7.122166666666667
1602,앤젤스 셰어: 천사를 위한 위스키,12973.861111111111,7.800277777777777
1603,월플라워,1602341.1666666667,7.6375
1604,미스터 노바디,211413.43333333335,8.19361111111111
1605,로얄 어페어,370915.5833333333,8.17
1606,호비와 후후의 대모험: 무지개꽃을 구하라,360844.5,7.4425
1607,쇼를 사랑한 남자,412153.75,7.88
1608,데드폴,93625.0,8.28375
1609,공정사회,2044309.1473214286,7.799249999999999
1610,아티스트 봉만대,0.0,0.0
1611,안녕?! 오케스트라,0.0,0.0
1612,어느 예술가의 마지막 일주일,286926.2777777778,8.3975
1613,터미네이터 2 : 심판의 날 감독판,1130177.0,6.329999999999999
1614,피치 퍼펙트,147438.5625,7.363791666666666
1615,48미터,967590.3392857142,8.137380952380953
1616,올 이즈 로스트,2357194.6666666665,8.41
1617,사랑은 타이핑 중!,26756.25,7.083333333333333
1618,새 구두를 사야해,6937.75,7.443095238095237
1619,킥 애스 2 : 겁없는 녀석들,1175099.6928571428,7.936666666666667
1620,코스모폴리스,499662.5708333333,7.7455
1621,아유레디?,159472.08333333334,7.6625
1622,극장판 토리코 : 미식신의 스페셜메뉴,0.0,0.0
1623,토마스와 친구들: 블루마운틴 미스터리,74687.5,7.2725
1624,세션 : 이 남자가 사랑하는 법,144375.33333333334,8.62
1625,페어리테일: 봉황의 무녀,0.0,0.0
1626,소명 하늘의 별,3257.0,6.8999999999999995
1627,파라노만,302897.5125,7.7575
1628,"다시, 뜨겁게 사랑하라!",390721.8333333333,6.991666666666666
1629,로봇 앤 프랭크,140652.35,8.103566666666666
1630,당신에게도 사랑이 다시 찾아올까요?,256863.95238095237,7.4543333333333335
1631,나에게서 온 편지,16417.666666666664,8.125833333333333
1632,라스트 엑소시즘: 잠들지 않는 영혼,33570.0,7.720000000000001
1633,메탈리카 스루 더 네버,133780.57142857142,7.74857142857143
1634,로렌스 애니웨이,60956.92222222223,7.768999999999999
1635,킬링시즌,640088.25,7.170714285714285
1636,"페어웰, 마이 퀸",235916.1785714286,8.269285714285715
1637,연애의 기술,92657.72222222223,6.635833333333333
1638,초한지: 영웅의 부활,393145.22222222225,8.151666666666666
1639,노킹 온 헤븐스 도어,26808.83333333333,6.7225
1640,폭스파이어,0.0,0.0
1641,날아라! 호빵맨 극장판: 구하라! 코코링과 기적의 별,10058.444444444445,7.023333333333333
1642,춤추는 숲,905104.125,7.691666666666667
1643,"가자, 장미여관으로",3905000.0,7.6899999999999995
1644,알라딘,977647.0833333333,8.025
1645,백두산,4143964.2857142854,7.991428571428571
1646,라이온 킹,667905.4222222222,8.649055555555556
1647,돈,2452269.8412698414,8.341666666666667
1648,증인,0.0,0.0
1649,사자,2641629.6666666665,8.166555555555556
1650,생일,0.0,0.0
1651,레드슈즈,0.0,0.0
1652,장난스런 키스,108586.16666666667,6.7524999999999995
1653,범블비,1278000.0,8.522
1654,러브 유어셀프 인 서울,0.0,6.14
1655,예스터데이,1881396.6666666667,7.314166666666667
1656,라스트 크리스마스,629340.4166666666,7.424166666666666
1657,비스트,251000.45,8.148
1658,언니,266676.8333333334,6.401249999999999
1659,언더독,2140914.325396825,8.576706349206349
1660,앵그리 버드 2: 독수리 왕국의 침공,2140797.0,8.7065
1661,벌새,0.0,0.0
1662,바이스,6435.5,4.562857142857143
1663,안나,0.0,0.0
1664,로켓맨,0.0,0.0
1665,아이 엠 마더,47035.4,8.492
1666,김복동,1419833.3333333333,9.118333333333334
1667,로망,0.0,0.0
1668,노팅 힐,152773.80952380953,8.39595238095238
1669,더 룸,586666.6666666666,7.359999999999999
1670,우리집,0.0,0.0
1671,어글리 돌,497452.3666666667,7.6605
1672,콜레트,0.0,0.0
1673,허슬러,250414.2833333333,7.409666666666666
1674,레플리카,589550.375,7.0969999999999995
1675,몬스터 파크,210768.81666666665,7.583000000000001
1676,안도 타다오,0.0,0.0
1677,빠삐용,1215314.7333333332,8.2295
1678,빅 위시,0.0,0.0
1679,마녀배달부 키키,0.0,0.0
1680,북클럽,123558.23214285714,8.200285714285716
1681,캐리tv 러브콘서트 더 무비,0.0,0.0
1682,"다시, 봄",0.0,0.0
1683,플레이모빌: 더 무비,387780.175,7.358666666666666
1684,콜드 워,0.0,0.0
1685,세계는 오늘부터 너의 것,0.0,0.0
1686,BIFAN2019 판타스틱 단편 걸작선 1,0.0,0.0
1687,마녀: 소녀의 비밀,0.0,0.0
1688,이스케이프 게임,12772.5,8.85
1689,사이코패스,22000.0,0.0
1690,로마,0.0,0.0
1691,매트릭스,787637.875,7.029
1692,리노,425365.2333333333,7.858666666666666
1693,물의 기억,0.0,0.0
1694,레토,376795.5833333333,8.004166666666666
1695,데드 트리거,2527500.0,9.035
1696,경계선,0.0,0.0
1697,빌리어네어 보이즈클럽,689523.8095238095,7.3219642857142855
1698,호크니,0.0,0.0
1699,조,506603.0,8.2525
1700,아이스,0.0,5.67
1701,김군,0.0,0.0
1702,와일드 로즈,407087.0,8.463125
1703,돈 워리,0.0,0.0
1704,삽질,0.0,8.23
1705,해치지않아,867306.4176587301,7.67625
1706,모리스,0.0,0.0
1707,카센타,506017.5833333334,7.9593750000000005
1708,킹 오브 프리즘 ?샤이니 세븐 스타즈- IV 루이x신x언노운,0.0,0.0
1709,버티고,0.0,0.0
1710,별의 정원,0.0,0.0
1711,코코,1581588.2,8.312
1712,서치,411455.5,8.517500000000002
1713,너의 결혼식,0.0,0.0
1714,곤지암,1905846.8769841269,7.416103174603175
1715,레디 플레이어 원,1290237.0472222224,7.856555555555556
1716,도어락,1362480.2857142857,7.831507936507937
1717,궁합,791948.875,7.7042857142857155
1718,범블비,1278000.0,8.522
1719,챔피언,1753464.0654761905,7.72342857142857
1720,상류사회,1744875.0,7.497250000000001
1721,피터 래빗,565459.15,8.18125
1722,번 더 스테이지: 더 무비,0.0,0.0
1723,커뮤터,0.0,0.0
1724,후드,0.0,0.0
1725,바울,439083.3333333333,8.510833333333334
1726,치즈인더트랩,1191002.7083333333,7.127395833333334
1727,나미야 잡화점의 기적,5049.125,7.8025
1728,업그레이드,1871814.75,8.59
1729,극장판 도라에몽: 진구의 보물섬,394799.9821428571,8.343630952380954
1730,당갈,81916.66666666667,9.512499999999998
1731,할로윈,304913.6666666667,8.645
1732,게이트,1138221.8095238095,7.531354166666667
1733,미니특공대X,0.0,0.0
1734,커다랗고 커다랗고 커다란 배,0.0,0.0
1735,루이스,140000.0,7.855
1736,출국,1882714.2857142857,7.8725
1737,레오나르도 다 빈치,4426750.0,7.905
1738,매직빈,80514.42857142857,8.215
1739,데자뷰,556537.1726190477,7.098928571428572
1740,에그엔젤 코코밍: 두근두근 핼러윈 파티,0.0,0.0
1741,타샤 튜더,0.0,0.0
1742,플로이,0.0,0.0
1743,다이노 어드벤처2: 육해공 공룡 대백과,0.0,0.0
1744,배반의 장미,987972.2222222224,8.227222222222224
1745,패터슨,62037.5,8.232916666666666
1746,반딧불이 딘딘,0.0,0.0
1747,스파키,107165.92,8.040133333333333
1748,에브리데이,149873.5,7.7775
1749,지구: 놀라운 하루,1281234.5079365077,7.382380952380953
1750,달링,726383.3333333334,8.130555555555555
1751,투 프렌즈,0.0,0.0
1752,해피 투게더,456623.55555555556,8.151527777777778
1753,중2병이라도 사랑이 하고 싶어! 테이크 온 미,0.0,0.0
1754,쿵푸몽키,0.0,0.0
1755,영주,1550584.40625,7.920729166666666
1756,디트로이트,1733455.8452380954,7.647976190476191
1757,윌리,696690.8333333334,7.44
1758,휘트니,0.0,0.0
1759,로마,0.0,0.0
1760,극장판 프리파라 모두의 동경♪ 렛츠고☆프리파리,0.0,0.0
1761,러빙 빈센트 : 비하인드 에디션,0.0,0.0
1762,픽시,1555456.888888889,8.275833333333333
1763,트와이스랜드,0.0,0.0
1764,임을 위한 행진곡,539736.5166666666,5.773333333333333
1765,아인,11548.5,7.325
1766,드래곤 프린세스,0.0,0.0
1767,더 스퀘어,24500.0,8.350000000000001
1768,빅 식,0.0,0.0
1769,더 킹,2994707.7333333334,8.099676190476192
1770,미녀와 야수,543977.6944444444,7.3194444444444455
1771,보안관,0.0,0.0
1772,모아나,2168725.3055555555,8.39997619047619
1773,원더 우먼,0.0,0.0
1774,하루,873473.2777777779,7.65375
1775,트롤,2055166.6666666667,6.39
1776,트리플 엑스 리턴즈,1375212.9464285714,8.013630952380952
1777,라이프,1271107.5357142857,8.180079365079365
1778,보통사람,0.0,0.0
1779,어쌔신 크리드,339204.4555555556,7.7379999999999995
1780,사랑하기 때문에,1321215.2428571428,7.379071428571429
1781,빅풋 주니어,0.0,0.0
1782,판도라,1475335.5793650795,7.95466865079365
1783,어느날,655666.6666666666,7.992666666666667
1784,딥,471269.9285714286,6.729821428571429
1785,발레리나,211321.54285714286,8.309642857142858
1786,문라이트,1449096.9,8.0225
1787,채비,2168258.9285714286,8.269375
1788,레고 닌자고 무비,647737.2708333333,7.390089285714286
1789,눈길,1505393.5476190476,8.00077380952381
1790,라이언,402215.8238095238,8.610166666666666
1791,더 테이블,1166475.4543650793,7.824027777777778
1792,루시드 드림,784.0,4.752
1793,김광석,0.0,0.0
1794,노 게임 노 라이프 -제로-,0.0,0.0
1795,오두막,268666.6666666667,7.589166666666666
1796,더 서클,0.0,0.0
1797,래빗 스쿨,0.0,8.85
1798,언더더씨,0.0,0.0
1799,댄서,378750.0,8.4375
1800,레이디버그,0.0,0.0
1801,산상수훈,215732.66666666663,6.651666666666666
1802,흑집사 -북 오브 더 아틀란틱-,0.0,0.0
1803,헤드윅,16000.0,8.28
1804,극장판 프리파라 모두의 동경♪ 렛츠고☆프리파리,0.0,0.0
1805,다크 하우스,157714.5,4.33
1806,반지의 제왕 : 반지원정대 (확장판),0.0,0.0
1807,엘르,18188.62222222222,8.075166666666666
1808,피터와 모글리의 크리스마스 어드벤처,0.0,0.0
1809,판타스틱 단편 걸작선 1,0.0,0.0
1810,루터,1061805.9166666667,8.175111111111113
1811,반지의 제왕 : 왕의 귀환 (확장판),0.0,0.0
1812,패터슨,62037.5,8.232916666666666
1813,분노,21590.87222222222,7.994111111111111
1814,키드냅,2569500.0,7.909999999999999
1815,반지의 제왕 : 두개의 탑 (확장판),0.0,0.0
1816,지니어스,1480974.5833333333,7.878333333333334
1817,몬스터 섬의 비밀,373920.5,7.468333333333334
1818,메소드,472278.2888888889,7.513777777777778
1819,골드,543935.1111111111,8.058333333333335
1820,아우토반,230967.91666666666,8.040624999999999
1821,클로저,1939522.0499999998,8.035833333333333
1822,빌리 엘리어트,202828.5,8.732083333333334
1823,언프렌드,314250.0,7.005416666666667
1824,프란츠,9838.958333333332,8.525416666666665
1825,은혼,0.0,0.0
1826,터널,4109066.6666666665,8.001333333333333
1827,럭키,2547599.8541666665,7.539136904761905
1828,판도라,1475335.5793650795,7.95466865079365
1829,히말라야,2954000.0,7.880285714285714
1830,정글북,0.0,0.0
1831,미 비포 유,670202.9,7.921999999999999
1832,스플릿,1667375.1964285714,8.088660714285714
1833,사냥,629731.0491071428,7.797404761904762
1834,설리: 허드슨강의 기적,692079.238888889,8.525333333333334
1835,나를 잊지 말아요,1870000.3333333333,7.632976190476191
1836,캐롤,242711.9444444444,8.244984126984127
1837,스포트라이트,2069577.5535714286,8.358619047619047
1838,순정,1517313.9959821429,8.051736607142857
1839,드림 쏭,0.0,0.0
1840,노트북,969646.4166666666,7.8698571428571436
1841,부활,386822.97222222225,7.732222222222222
1842,조이,4377905.75,8.817428571428572
1843,빅,0.0,0.0
1844,어린왕자,1161767.274801587,7.951652777777777
1845,서울역,1960665.5773809524,7.557904761904762
1846,자백,3072940.4761904767,8.01429761904762
1847,장난감이 살아있다,162039.03333333333,7.6407333333333325
1848,플로렌스,586583.3273809523,8.255535714285715
1849,로빈슨 크루소,537068.3333333334,7.471666666666667
1850,최강전사 미니특공대: 영웅의 탄생,0.0,0.0
1851,다이노소어 어드벤처 : 백악기 공룡대백과,0.0,0.0
1852,킹 오브 프리즘 (바이 프리티 리듬),0.0,0.0
1853,일사각오,3996579.875,8.3925
1854,유스,225827.0267857143,8.594303571428572
1855,번개맨,0.0,0.0
1856,이퀄스,0.0,0.0
1857,스티브 잡스,1225831.1666666667,8.109166666666667
1858,올레,1474811.742857143,7.977491071428572
1859,레터스 투 갓,0.0,0.0
1860,극장판 파워레인저: 닌자포스 VS 트레인포스 닌자 인 원더랜드,65600.0,8.66
1861,그물,1350924.7029761905,7.732553571428572
1862,빅뱅 메이드,0.0,0.0
1863,순종,1517313.9959821429,8.051736607142857
1864,브루클린,199921.3619047619,7.59
1865,BIFAN2016 판타스틱 단편 걸작선 1,0.0,0.0
1866,33,269091.3,7.614888888888889
1867,잔예 - 살아서는 안되는 방,0.0,0.0
1868,동급생,0.0,0.0
1869,트릭,410000.0,5.355
1870,파워배틀 와치카 미니카 배틀리그: 불꽃의 질주,0.0,0.0
1871,태양 아래,0.0,0.0
1872,대결,527246.2321428572,6.830107142857143
1873,미스터 캣,0.0,0.0
1874,히야,317864.58095238096,8.54142857142857
1875,커터,1575108.9444444447,7.468055555555555
1876,프란치스코,0.0,0.0
1877,시카고,313159.38888888893,7.7877222222222215
1878,사랑하기 때문에,1321215.2428571428,7.379071428571429
1879,리틀 폭스,82650.04166666667,7.729583333333333
1880,예전부터 계속 좋아했어 ~고백실행위원회~,0.0,0.0
1881,더 웨이브,110847.01666666668,7.57375
1882,쥬라기 월드,55776.25,7.150479166666667
1883,히말라야,2954000.0,7.880285714285714
1884,인턴,1517780.75,8.10767857142857
1885,미니언즈,686198.3333333334,7.7749999999999995
1886,뷰티 인사이드,1600615.8373917749,7.897178571428571
1887,마다가스카의 펭귄,109600.46666666667,7.1898888888888886
1888,차이나타운,2743576.7460317463,8.180539682539683
1889,신데렐라,250179.33333333334,7.900833333333333
1890,픽셀,2103528.5,8.780125
1891,오피스,1441337.5,8.175875
1892,어린왕자,1161767.274801587,7.951652777777777
1893,치외법권,1119142.857142857,7.458571428571427
1894,에베레스트,1454559.5726190477,8.018916666666666
1895,극적인 하룻밤,1270148.1116071427,7.6509374999999995
1896,패딩턴,281591.7253968254,8.550470238095238
1897,백 투 더 비기닝,0.0,0.0
1898,팬,314.0,8.5
1899,센과 치히로의 행방불명,333904.5,8.4285
1900,화장,396415.5416666667,7.2655753968253975
1901,심야식당,53194.333333333336,7.4435
1902,존 윅,0.0,0.0
1903,프리덤,50314.43333333333,6.77
1904,사우스포,1065510.4666666666,8.010133333333332
1905,돌연변이,924775.0208333334,7.687083333333334
1906,맥베스,556218.5,7.6
1907,숀더쉽,0.0,0.0
1908,와일드,273698.75,8.637500000000001
1909,파더 앤 도터,0.0,0.0
1910,말할 수 없는 비밀,866256.125,7.958749999999999
1911,비밀,1588903.2063492062,7.775476190476191
1912,송 원,48804.5,6.10375
1913,이스케이프,520086.3,7.790333333333333
1914,한 번 더 해피엔딩,0.0,0.0
1915,일곱난쟁이,0.0,0.0
1916,코블러,447552.3033333334,7.965833333333333
1917,타이밍,0.0,0.0
1918,팔로우,11395.0,6.779999999999999
1919,더 테너 리리코 스핀토,681438.0714285715,6.966349206349206
1920,파울볼,1646861.3333333333,7.1884999999999994
1921,아이돌 마스터 무비 : 빛의 저편으로!,29000.0,9.26
1922,라자루스,754204.2466666666,7.867
1923,몬스터 헌트,0.0,0.0
1924,트레이서,469681.11111111107,7.230555555555555
1925,트래쉬,18703.416666666664,7.858333333333334
1926,아마조니아,0.0,0.0
1927,사이코패스,22000.0,0.0
1928,마미,65720.27777777778,8.450222222222221
1929,라이프,1271107.5357142857,8.180079365079365
1930,마돈나,774274.6214285715,7.87027380952381
1931,유아 낫 유,0.0,0.0
1932,나쁜 나라,0.0,0.0
1933,셀마,906442.7333333333,7.570892857142858
1934,순교,14922.166666666666,9.508333333333333
1935,이다,164657.0,8.32
1936,꼬마 유령,16615.466666666667,8.115466666666666
1937,엘리펀트 송,509597.7916666667,7.8645
1938,리틀 보이,0.0,0.0
1939,호비와 엄마나무섬의 비밀,526320.8,8.466666666666667
1940,해피 홀리데이,490399.5333333334,7.907777777777778
1941,아마데우스 감독판,0.0,0.0
1942,블랙버드,246164.11111111112,7.273055555555556
1943,폴라로이드,569756.3333333334,6.821607142857143
1944,타투,634016.75,5.718732142857142
1945,카이트,184128.8611111111,6.730833333333333
1946,에이미,0.0,7.2
1947,블러바드,115647.08333333331,8.087499999999999
1948,겨울왕국,6557500.0,9.025
1949,신의 한 수,1480380.9523809524,8.152000000000001
1950,논스톱,0.0,0.0
1951,인투 더 스톰,0.0,0.0
1952,노아,1380887.461309524,7.896041666666667
1953,루시,2305348.111111111,7.808854166666666
1954,해무(海霧),0.0,0.0
1955,애나벨,258439.25,6.683333333333334
1956,카트,1378425.892857143,8.060383928571428
1957,고질라,826010.25,7.684023809523809
1958,어바웃 타임,754896.4166666666,8.342
1959,몬스터,1020650.7936507935,7.100634920634921
1960,신이 보낸 사람,0.0,0.0
1961,하이힐,1646012.8541666667,7.443214285714287
1962,"극장판 포켓몬스터 베스트위시: 신의 속도 게노세크트, 뮤츠의 각성",0.0,0.0
1963,레드카펫,0.0,0.0
1964,미녀와 야수,543977.6944444444,7.3194444444444455
1965,프랑켄슈타인: 불멸의 영웅,334238.8222222222,7.761444444444444
1966,오큘러스,0.0,0.0
1967,마야,1399672.4479166667,7.6084375
1968,창문 넘어 도망친 100세 노인,120643.0,7.904999999999999
1969,레고 무비,230116.2166666667,8.263333333333332
1970,저스틴,248180.5119047619,7.9525
1971,"극장판 파워레인저 다이노포스VS고버스터즈 공룡 대결전! ~안녕, 영원한 친구여!~",0.0,0.0
1972,론 서바이버,0.0,5.095000000000001
1973,일곱난쟁이,0.0,0.0
1974,하울의 움직이는 성,69780.125,7.36
1975,폴리스 스토리 2014,230060.46666666667,6.062857142857143
1976,마다가스카의 펭귄,109600.46666666667,7.1898888888888886
1977,가시,668524.3015873015,7.531587301587302
1978,맨홀,515452.4166666667,7.24
1979,터키,1247425.9428571428,7.962238095238095
1980,슈퍼미니,22001.208333333336,8.00625
1981,짱구는 못말려 극장판：엄청 맛있어! B급 음식 서바이벌!,0.0,0.0
1982,정글히어로,0.0,0.0
1983,경주,931666.2916666666,7.5456666666666665
1984,다이애나,0.0,0.0
1985,프랭크,424598.77777777775,7.962777777777778
1986,다이빙벨,1667578.0,8.175
1987,설계,291623.1160714286,6.701116071428571
1988,울브스,1843377.0,6.834666666666666
1989,몬스터 왕국,0.0,0.0
1990,만신,226151.71428571432,7.9724603174603175
1991,목숨,96000.0,7.77
1992,마미,65720.27777777778,8.450222222222221
1993,마이 블랭키,33000.0,6.49
1994,어떤 만남,0.0,0.0
1995,꼬마영웅 경찰차 프로디2,0.0,0.0
1996,비행기,0.0,0.0
1997,GROW: 인피니트의 리얼 청춘 라이프,161661.75,7.4725
1998,타임 투 러브,2289372.125,7.533583333333333
1999,디노타샤: 공룡대탐험,192.0,0.0
2000,천하무적 키코리키,0.0,0.0
2001,60만번의 트라이,730289.0095238095,8.379642857142857
2002,그랜드 피아노,0.0,0.0
2003,누구에게나 찬란한,833000.0,7.276999999999999
2004,에코,346366.8888888889,7.086111111111111
2005,빌리 엘리어트 뮤지컬 라이브,0.0,0.0
2006,비포 : 치즈와 초콜릿을 찾아서,0.0,0.0
2007,스톤,797267.0753968254,7.255583333333334
2008,본타: 땅콩왕국의 전설,7099.666666666667,5.083333333333333
2009,캡틴 하록,122761.75555555556,8.047666666666666
2010,더 테너 리리코 스핀토,681438.0714285715,6.966349206349206
2011,호비와 쿠우의 어드벤처 : 고래의 노래,0.0,0.0
2012,프라이버시,242969.46666666667,7.649166666666667
2013,산타바바라,586205.1805555555,8.049166666666666
2014,봄,1107207.8333333335,7.730208333333334
2015,피노키오의 모험,8308.5,8.31
2016,런치박스,32539.5,8.6525
2017,피막,10674.666666666666,6.713333333333333
2018,중2병이라도 사랑이 하고 싶어! 극장판,0.0,0.0
2019,캐치미,3246696.0,7.816666666666667
2020,그 사람 추기경,416845.5,7.222857142857143
2021,황금시대,12414.5,7.3775
2022,할리데이,516142.8571428572,6.530000000000001
2023,세이빙 미스터 뱅크스,0.0,0.0
2024,시선,254064.75,6.4662500000000005
2025,로미오와 줄리엣,104279.20833333331,7.06
2026,르누아르,12210.5,7.428333333333332
2027,피쉬와 칩스 극장판,101000.0,6.989999999999999
2028,현기증,836552.0833333334,7.0278422619047625
2029,월드 워 Z,0.0,0.0
2030,감기,1820176.9583333333,7.341770833333333
2031,어바웃 타임,754896.4166666666,8.342
2032,소원,1614047.6190476192,8.179404761904761
2033,퍼시픽 림,0.0,0.0
2034,몽타주,1186983.142857143,7.855535714285712
2035,터보,352108.94444444444,7.164861111111112
2036,런닝맨,1852650.2083333335,7.648726190476191
2037,에픽 : 숲속의 전설,434312.375,7.755416666666667
2038,전국노래자랑,615343.4047619047,7.53932738095238
2039,몬스터 호텔,881625.0,7.9975
2040,열한시,975685.8273809524,7.562857142857143
2041,사이코메트리,10151.888888888889,5.534166666666667
2042,캐치미,3246696.0,7.816666666666667
2043,스토커,322202.5396825397,8.118611111111111
2044,주먹왕 랄프,954921.8611111111,8.706666666666667
2045,눈의 여왕,0.0,0.0
2046,롤러코스터,3036039.7063492066,7.747825396825398
2047,헨젤과 그레텔: 마녀 사냥꾼 3D,0.0,0.0
2048,파이스토리 : 악당상어 소탕작전,176166.66666666666,7.508333333333333
2049,잡스,1026547.375,7.3739583333333325
2050,짱구는 못말려 극장판:태풍을 부르는 나와 우주의 프린세스,0.0,0.0
2051,송 포 유,0.0,0.0
2052,비행기,0.0,0.0
2053,노리개,1564105.125,7.588315476190477
2054,니코: 산타비행단의 모험,184274.0,8.313333333333333
2055,히든 카드,269596.6666666667,7.703333333333333
2056,링컨,977404.9166666666,7.93275
2057,카운슬러,338074.5666666667,7.879166666666667
2058,바람이 분다,1480063.173809524,8.070261904761905
2059,마마,70161.77777777777,7.860000000000002
2060,몬스터 주식회사,466225.0982142857,7.996488095238095
2061,더 콜,895333.3333333334,7.989999999999999
2062,라스트 스탠드,0.0,0.0
2063,웃는 남자,21057.645833333336,7.768125
2064,길위에서,12000.0,6.483333333333333
2065,블랙 가스펠,0.0,0.0
2066,뜨거운 안녕,2827282.952380953,7.686940476190476
2067,호스트,14000.0,6.68
2068,세이프 헤이븐,0.0,0.0
2069,저스틴,248180.5119047619,7.9525
2070,뫼비우스,979146.0,7.141666666666667
2071,드래곤 헌터,0.0,0.0
2072,러스트 앤 본,0.0,0.0
2073,꼭두각시,462030.22222222225,6.76111111111111
2074,머드,419377.5277777778,8.290833333333333
2075,스파이크,0.0,0.0
2076,빅 픽처,25702.75,7.389166666666666
2077,히어로,267901.75,8.016250000000001
2078,빨간머리 앤 : 그린게이블로 가는 길,0.0,0.0
2079,디스커넥트,0.0,0.0
2080,짓,1008109.2896825398,7.496825396825397
2081,그랑블루 리마스터링 감독판,0.0,0.0
2082,소녀,2220766.666666667,7.696999999999999
2083,테이크다운,335393.21825396834,7.43615873015873
2084,퍼펙트,194404.66666666666,7.7612499999999995
2085,터치 오브 라이트,11482.625,7.59125
2086,명왕성,740000.0,7.176666666666667
2087,베이트,0.0,0.0
2088,극장판 포켓몬스터 베스트위시「메로엣타의 반짝반짝 음악회」,0.0,0.0
2089,갬빗,97851.15333333332,7.686333333333335
2090,브로큰 시티,1283786.4761904762,7.380222222222223
2091,콰르텟,416782.51666666666,8.058194444444444
2092,슈퍼히어로,0.0,0.0
2093,모래가 흐르는 강,0.0,0.0
2094,쉐프,4136.75,6.754
2095,콜렉션,0.0,0.0
2096,드림팀,15866.75,6.5175
2097,라 붐,9625.5,8.07988888888889
2098,화양연화,457966.8333333333,7.398000000000001
